"Preparation date";"Media name";"Quantity";"Batch number";"Expiry date"
"2020-02-17";"Urea Agar";"280";"URE170220-01";"2020-08-17"
"2020-02-17";"Mueller Hinton II Agar ";"280";"MHII170220-01";"2020-04-17"
"2020-02-18";"Simmons Citrate Agar ";"450";"CIT180220-01";"2020-08-18"
"2020-02-18";"Kligler Iron Agar";"330";"KIA180220-01";"2020-08-18"
"2020-02-18";"Blood Agar";"310";"BAP180220-01";"2020-04-18"
"2020-02-18";"Mannitol Salt Agar";"540";"MSA180220-01";"2020-04-18"
"2020-02-19";"Urea Agar";"140";"URE190220-01";"2020-08-19"
"2020-02-19";"Blood Agar";"320";"BAP190220-01";"2020-04-19"
"2020-02-19";"Chocolate Agar";"330";"CHOC190220-01";"2020-04-19"
"2020-02-19";"Thiosulfate Citrate Bile Salts Sucrose Agar ";"40";"TCBS190220-01";"2020-04-19"
"2020-02-20";"Chocolate Agar";"330";"CHOC200220-01";"2020-04-20"
"2020-02-20";"Blood Agar";"300";"BAP200220-01";"2020-04-20"
"2020-02-21";"Blood Culture Bottle (adult)";"270";"BHI A210220-01";"2020-08-21"
"2020-02-24";"Lysine Iron Agar";"340";"LIA240220-01";"2020-08-24"
"2020-02-24";"Urea Agar";"280";"URE240220-01";"2020-08-24"
"2020-02-24";"Mannitol Salt Agar";"200";"MSA240220-01";"2020-04-24"
"2020-02-25";"Simmons Citrate Agar ";"370";"CIT250220-01";"2020-08-25"
"2020-02-25";"Sheep Blood Mueller-Hinton Agar";"120";"SMH250220-01";"2020-04-25"
"2020-02-25";"Chocolate Agar";"330";"CHOC250220-01";"2020-04-25"
"2020-02-26";"Kligler Iron Agar";"350";"KIA260220-01";"2020-08-26"
"2020-02-26";"Mueller Hinton II Agar ";"270";"MHII260220-01";"2020-04-26"
"2020-02-26";"Blood Agar";"330";"BAP260220-01";"2020-04-26"
"2020-02-26";"Urea Agar";"300";"URE260220-01";"2020-08-26"
"2020-02-27";"Urea Agar";"290";"URE270220-01";"2020-08-27"
"2020-02-27";"Lysine Iron Agar";"340";"LIA270220-01";"2020-08-27"
"2020-02-27";"Mueller Hinton II Agar ";"280";"MHII270220-01";"2020-04-27"
"2020-03-02";"Chocolate Agar";"230";"CHOC020320-01";"2020-05-02"
"2020-03-03";"Blood Culture Bottle (child)";"463";"BHI P030320-01";"2020-09-03"
"2020-03-04";"Mueller Hinton II Agar ";"350";"MHII040320-01";"2020-05-04"
"2020-03-04";"MacConkey Agar";"320";"MAC040320-01";"2020-05-04"
"2020-03-04";"Hektoen Enteric Agar";"50";"HE040320-01";"2020-05-04"
"2020-03-05";"Ashdown's Agar";"140";"ASHA050320-01";"2020-05-05"
"2020-03-05";"Simmons Citrate Agar ";"350";"CIT050320-01";"2020-09-05"
"2020-03-05";"Kligler Iron Agar";"330";"KIA050320-01";"2020-09-05"
"2020-03-06";"Blood Culture Bottle (child)";"459";"BHI P060320-01";"2020-09-06"
"2020-03-09";"MacConkey Agar";"310";"MAC090320-01";"2020-05-09"
"2020-03-10";"Blood Agar";"330";"BAP100320-01";"2020-05-10"
"2020-03-10";"Blood Agar";"320";"BAP100320-02";"2020-05-10"
"2020-03-11";"Blood Culture Bottle (adult)";"224";"BHI A110320-01";"2020-09-11"
"2020-03-11";"Blood Culture Bottle (adult)";"226";"BHI A110320-02";"2020-09-11"
"2020-03-12";"Blood Culture Bottle (adult)";"226";"BHI A120320-01";"2020-09-12"
"2020-03-12";"Blood Culture Bottle (adult)";"229";"BHI A120320-02";"2020-09-12"
"2020-03-16";"Blood Culture Bottle (adult)";"224";"BHI A160320-01";"2020-09-16"
"2020-03-16";"Mueller Hinton II Agar ";"340";"MHII160320-01";"2020-05-16"
"2020-03-16";"Mannitol Salt Agar";"150";"MSA160320-01";"2020-05-16"
"2020-03-17";"Sheep Blood Mueller-Hinton Agar";"110";"SMH170320-01";"2020-05-17"
"2020-03-17";"Blood Agar";"310";"BAP170320-01";"2020-05-17"
"2020-03-17";"Hektoen Enteric Agar";"59";"HE170320-01";"2020-05-17"
"2020-03-17";"Urea Agar";"280";"URE170320-01";"2020-09-17"
"2020-03-18";"Lysine Iron Agar";"330";"LIA180320-01";"2020-09-18"
"2020-03-18";"Chocolate Agar";"310";"CHOC180320-01";"2020-05-18"
"2020-03-18";"Mueller Hinton II Agar ";"370";"MHII180320-01";"2020-05-18"
"2020-03-18";"Blood Agar";"330";"BAP180320-01";"2020-05-18"
"2020-03-19";"Thiosulfate Citrate Bile Salts Sucrose Agar ";"30";"TCBS190320-01";"2020-05-19"
"2020-03-19";"Mueller Hinton II Agar ";"360";"MHII190320-01";"2020-05-19"
"2020-03-19";"MacConkey Agar";"410";"MAC190320-01";"2020-05-19"
"2020-03-19";"Chocolate Agar";"320";"CHOC190320-01";"2020-05-19"
"2020-03-20";"Blood Culture Bottle (adult)";"229";"BHI A200320-01";"2020-09-20"
"2020-03-20";"Trypticase Soy Broth + 20% glycerol";"185";"TSBG200320-01";"2020-09-20"
"2020-03-20";"Thiosulfate Citrate Bile Salts Sucrose Agar ";"30";"TCBS200320-01";"2020-05-20"
"2020-03-20";"Thiosulfate Citrate Bile Salts Sucrose Agar ";"30";"TCBS200320-02";"2020-05-20"
"2020-03-20";"Blood Culture Bottle (adult)";"222";"BHI A200320-02";"2020-09-20"
"2020-03-17";"Blood Culture Bottle (adult)";"227";"BHI A170320-01";"2020-09-17"
"2020-03-24";"Urea Agar";"290";"URE240320-01";"2020-09-24"
"2020-03-23";"Urea Agar";"300";"URE230320-01";"2020-09-23"
"2020-03-23";"Lysine Iron Agar";"360";"LIA230320-01";"2020-09-23"
"2020-03-23";"Mueller Hinton II Agar ";"350";"MHII230320-01";"2020-05-23"
"2020-03-23";"Trypticase Soy Broth ";"166";"TSB230320-01";"2023-12-23"
"2020-03-24";"Mannitol Salt Agar";"140";"MSA240320-01";"2020-05-24"
"2020-03-24";"Blood Culture Bottle (adult)";"226";"BHI A240320-01";"2020-09-24"
"2020-03-24";"Blood Culture Bottle (adult)";"225";"BHI A240320-02";"2020-09-24"
"2020-03-24";"Trypticase Soy Agar ";"177";"TSA240320-01";"2020-09-24"
"2020-03-25";"Mueller Hinton II Agar ";"350";"MHII250320-01";"2020-05-25"
"2020-03-25";"Kligler Iron Agar";"350";"KIA250320-01";"2020-09-25"
"2020-03-25";"Simmons Citrate Agar ";"370";"CIT250320-01";"2020-09-25"
"2020-03-25";"Chocolate Agar";"290";"CHOC250320-01";"2020-05-25"
"2020-03-26";"Blood Culture Bottle (adult)";"227";"BHI A260320-01";"2020-09-26"
"2020-03-26";"Blood Agar";"330";"BAP260320-01";"2020-05-26"
"2020-03-26";"Blood Agar";"320";"BAP260320-02";"2020-05-26"
"2020-03-26";"Blood Culture Bottle (adult)";"236";"BHI A260320-02";"2020-09-26"
"2020-03-27";"Blood Culture Bottle (adult)";"227";"BHI A270320-01";"2020-09-27"
"2020-03-30";"Blood Culture Bottle (child)";"455";"BHI P300320-01";"2020-09-30"
"2020-03-31";"Blood Agar";"290";"BAP310320-01";"2020-05-31"
"2020-03-31";"Chocolate Agar";"310";"CHOC310320-01";"2020-05-31"
"2019-12-24";"Sulfide Indole Motility Medium";"0";"SIM241219-02";"2020-06-24"
"2020-04-01";"Blood Culture Bottle (adult)";"226";"BHI A010420-01";"2020-10-01"
"2020-04-01";"Blood Agar";"310";"BAP010420-02";"2020-06-01"
"2020-04-01";"Blood Agar";"310";"BAP010420-03";"2020-06-01"
"2019-12-25";"Sulfide Indole Motility Medium";"530";"SIM251219-03";"2020-06-25"
"2020-04-02";"Mueller Hinton II Agar ";"360";"MHII020420-01";"2020-06-02"
"2020-04-02";"Blood Culture Bottle (adult)";"229";"BHI A020420-01";"2020-10-02"
"2020-04-02";"Blood Culture Bottle (adult)";"224";"BHI A020420-02";"2020-10-02"
"2020-04-03";"Blood Culture Bottle (adult)";"226";"BHI A030420-01";"2020-10-03"
"2020-04-03";"Blood Culture Bottle (adult)";"235";"BHI A030420-02";"2020-10-03"
"2020-04-06";"Blood Agar";"310";"BAP060420-01";"2020-06-06"
"2020-04-06";"Urea Agar";"290";"URE060420-01";"2020-10-06"
"2020-04-06";"Lysine Iron Agar";"340";"LIA060420-01";"2020-10-06"
"2020-04-07";"MacConkey Agar";"300";"MAC070420-01";"2020-06-07"
"2020-04-07";"Ashdown's Agar";"140";"ASHA070420-01";"2020-06-07"
"2020-04-08";"Blood Culture Bottle (adult)";"228";"BHI A080420-01";"2020-10-08"
"2020-04-08";"Trypticase Soy Broth + 20% glycerol";"180";"TSBG080420-01";"2020-10-08"
"2020-04-09";"MacConkey Agar";"400";"MAC090420-01";"2020-06-09"
"2020-04-09";"Trypticase Soy Agar ";"160";"TSA090420-01";"2020-10-09"
"2020-04-10";"Blood Culture Bottle (adult)";"229";"BHI A100420-01";"2020-10-10"
"2020-04-13";"Sheep Blood Mueller-Hinton Agar";"100";"SMH130420-01";"2020-06-13"
"2020-04-14";"Sulfide Indole Motility Medium";"480";"SIM140420-01";"2020-10-14"
"2020-04-14";"Hektoen Enteric Agar";"50";"HE140420-01";"2020-06-14"
"2020-04-15";"Chocolate Agar";"370";"CHOC150420-01";"2020-06-15"
"2020-04-16";"Blood Agar";"330";"BAP160420-01";"2020-06-16"
"2020-04-16";"Blood Agar";"320";"BAP160420-02";"2020-06-16"
"2020-04-17";"MacConkey Agar";"130";"MAC170420-01";"2020-06-17"
"2020-04-20";"Mannitol Salt Agar";"150";"MSA200420-01";"2020-06-20"
"2020-04-20";"Mueller Hinton II Agar ";"360";"MHII200420-01";"2020-06-20"
"2020-04-21";"Blood Agar";"330";"BAP210420-01";"2020-06-21"
"2020-04-21";"Kligler Iron Agar";"350";"KIA210420-01";"2020-10-21"
"2020-04-21";"Simmons Citrate Agar ";"430";"CIT210420-01";"2020-10-21"
"2020-04-22";"MacConkey Agar";"370";"MAC220420-01";"2020-06-22"
"2020-04-22";"Chocolate Agar";"320";"CHOC220420-01";"2020-06-22"
"2020-04-23";"Mueller Hinton II Agar ";"370";"MHII230420-01";"2020-06-23"
"2020-04-24";"Blood Culture Bottle (adult)";"224";"BHI A240420-01";"2020-10-24"
"2020-04-27";"Urea Agar";"280";"URE270420-01";"2020-10-27"
"2020-04-27";"Trypticase Soy Agar ";"184";"TSA270420-01";"2020-10-27"
"2020-04-28";"Chocolate Agar";"310";"CHOC280420-01";"2020-06-28"
"2020-04-29";"Mueller Hinton II Agar ";"280";"MHII290420-01";"2020-06-29"
"2020-04-29";"MacConkey Agar";"330";"MAC290420-01";"2020-06-29"
"2020-04-30";"Trypticase Soy Broth ";"200";"TSB300420-01";"2024-01-30"
"2020-04-30";"Trypticase Soy Broth + 20% glycerol";"185";"TSBG300420-01";"2020-10-30"
"2020-04-30";"Blood Culture Bottle (adult)";"222";"BHI A300420-01";"2020-10-30"
"2020-05-04";"Blood Agar";"320";"BAP040520-01";"2020-07-04"
"2020-05-05";"Blood Culture Bottle (adult)";"226";"BHI A050520-01";"2020-11-05"
"2020-05-07";"Sheep Blood Mueller-Hinton Agar";"120";"SMH070520-01";"2020-07-07"
"2020-05-07";"Hektoen Enteric Agar";"80";"HE070520-01";"2020-07-07"
"2020-05-08";"Blood Culture Bottle (adult)";"225";"BHI A080520-01";"2020-11-08"
"2020-05-11";"Mannitol Salt Agar";"200";"MSA110520-01";"2020-07-11"
"2020-05-12";"Blood Agar";"300";"BAP120520-01";"2020-07-12"
"2020-05-12";"Thiosulfate Citrate Bile Salts Sucrose Agar ";"60";"TCBS120520-01";"2020-07-12"
"2020-05-12";"Ashdown's Agar";"140";"ASHA120520-01";"2020-07-12"
"2020-05-11";"Simmons Citrate Agar ";"410";"CIT110520-01";"2020-11-11"
"2020-05-15";"Blood Culture Bottle (child)";"454";"BHI P150520-01";"2020-11-15"
"2020-05-13";"Blood Culture Bottle (adult)";"229";"BHI A130520-01";"2020-11-13"
"2020-05-19";"Blood Agar";"310";"BAP190520-02";"2020-07-19"
"2020-05-19";"Kligler Iron Agar";"340";"KIA190520-01";"2020-11-19"
"2020-05-18";"Hektoen Enteric Agar";"60";"HE180520-01";"2020-07-18"
"2020-05-18";"Chocolate Agar";"290";"CHOC180520-01";"2020-07-18"
"2020-05-20";"Lysine Iron Agar";"340";"LIA200520-01";"2020-11-20"
"2020-05-20";"Chocolate Agar";"320";"CHOC200520-01";"2020-07-20"
"2020-05-20";"Blood Agar";"320";"BAP200520-01";"2020-07-20"
"2020-05-21";"Urea Agar";"250";"URE210520-01";"2020-11-21"
"2020-05-21";"Sulfide Indole Motility Medium";"450";"SIM210520-01";"2020-11-21"
"2020-05-21";"Mannitol Salt Agar";"150";"MSA210520-02";"2020-07-21"
"2020-05-22";"Blood Culture Bottle (adult)";"225";"BHI A220520-08";"2020-11-22"
"2020-05-25";"Thiosulfate Citrate Bile Salts Sucrose Agar ";"40";"TCBS250520-01";"2020-07-25"
"2020-05-25";"Mueller Hinton II Agar ";"360";"MHII250520-01";"2020-07-25"
"2020-05-25";"Kligler Iron Agar";"470";"KIA250520-01";"2020-11-25"
"2020-05-26";"Blood Agar";"310";"BAP260520-01";"2020-07-26"
"2020-05-26";"Urea Agar";"310";"URE260520-01";"2020-11-26"
"2020-05-27";"MacConkey Agar";"320";"MAC270520-01";"2020-07-27"
"2020-05-27";"Chocolate Agar";"160";"CHOC270520-01";"2020-07-27"
"2020-05-28";"Blood Agar";"140";"BAP280520-01";"2020-07-28"
"2020-05-28";"Chocolate Agar";"120";"CHOC280520-01";"2020-07-28"
"2020-05-28";"Trypticase Soy Agar ";"119";"TSA280520-01";"2020-11-28"
"2020-05-29";"Blood Culture Bottle (adult)";"223";"BHI A290520-01";"2020-11-29"
"2020-05-29";"Blood Culture Bottle (adult)";"223";"BHI A290520-02";"2020-11-29"
"2020-06-02";"Kligler Iron Agar";"340";"KIA020620-01";"2020-12-02"
"2020-06-02";"Sulfide Indole Motility Medium";"450";"SIM020620-01";"2020-12-02"
"2020-06-01";"Chocolate Agar";"140";"CHOC010620-01";"2020-08-01"
"2020-06-01";"Mueller Hinton II Agar ";"340";"MHII010620-01";"2020-08-01"
"2020-06-03";"Hektoen Enteric Agar";"30";"HE030620-01";"2020-08-03"
"2020-06-03";"Sheep Blood Mueller-Hinton Agar";"120";"SMH030620-01";"2020-08-03"
"2020-06-03";"Blood Agar";"300";"BAP030620-01";"2020-08-03"
"2020-06-04";"Mueller Hinton II Agar ";"350";"MHII040620-01";"2020-08-04"
"2020-06-04";"MacConkey Agar";"280";"MAC040620-01";"2020-08-04"
"2020-06-04";"Lysine Iron Agar";"330";"LIA040620-01";"2020-12-04"
"2020-06-05";"Blood Culture Bottle (adult)";"228";"BHI A050620-01";"2020-12-05"
"2020-06-08";"Simmons Citrate Agar ";"440";"CIT080620-01";"2020-12-08"
"2020-06-08";"Mannitol Salt Agar";"150";"MSA080620-01";"2020-08-08"
"2020-06-10";"Blood Agar";"320";"BAP100620-01";"2020-08-10"
"2020-06-10";"Blood Agar";"320";"BAP100620-02";"2020-08-10"
"2020-06-10";"Hektoen Enteric Agar";"60";"HE100620-01";"2020-08-10"
"2020-06-09";"MacConkey Agar";"310";"MAC090620-01";"2020-08-09"
"2020-06-11";"Mueller Hinton II Agar ";"340";"MHII110620-01";"2020-08-11"
"2020-06-11";"Blood Agar";"300";"BAP110620-02";"2020-08-11"
"2020-06-12";"Blood Culture Bottle (adult)";"224";"BHI A120620-01";"2020-12-12"
"2020-06-15";"Thiosulfate Citrate Bile Salts Sucrose Agar ";"120";"TCBS150620-01";"2020-08-15"
"2020-06-15";"Mueller Hinton II Agar ";"340";"MHII150620-01";"2020-08-15"
"2020-06-16";"Kligler Iron Agar";"350";"KIA160620-01";"2020-12-16"
"2020-06-16";"Hektoen Enteric Agar";"50";"HE160620-01";"2020-08-16"
"2020-06-16";"Mannitol Salt Agar";"140";"MSA160620-01";"2020-08-16"
"2020-06-17";"Blood Culture Bottle (child)";"426";"BHI P170620-01";"2020-12-17"
"2020-06-19";"Blood Culture Bottle (adult)";"224";"BHI A190620-01";"2020-12-19"
"2020-06-22";"Lysine Iron Agar";"330";"LIA220620-01";"2020-12-22"
"2020-06-22";"Mueller Hinton II Agar ";"370";"MHII220620-01";"2020-08-22"
"2020-06-23";"Blood Agar";"270";"BAP230620-01";"2020-08-23"
"2020-06-23";"Hektoen Enteric Agar";"60";"HE230620-01";"2020-08-23"
"2020-06-24";"Urea Agar";"290";"URE240620-01";"2020-12-24"
"2020-06-24";"Blood Agar";"130";"BAP240620-01";"2020-08-24"
"2020-06-24";"MacConkey Agar";"130";"MAC240620-01";"2020-08-24"
"2020-06-25";"Mueller Hinton II Agar ";"360";"MHII250620-01";"2020-08-25"
"2020-06-25";"MacConkey Agar";"130";"MAC250620-01";"2020-08-25"
"2020-06-26";"Blood Culture Bottle (adult)";"226";"BHI A260620-01";"2020-12-26"
"2020-06-29";"Thiosulfate Citrate Bile Salts Sucrose Agar ";"60";"TCBS290620-01";"2020-08-29"
"2020-06-29";"Trypticase Soy Agar ";"154";"TSA290620-01";"2020-12-29"
"2020-06-29";"Kligler Iron Agar";"350";"KIA290620-01";"2020-12-29"
"2020-06-30";"MacConkey Agar";"410";"MAC300620-01";"2020-08-30"
"2020-06-30";"Trypticase Soy Broth + 20% glycerol";"185";"TSBG300620-01";"2020-12-30"
"2020-07-01";"Chocolate Agar";"330";"CHOC010720-01";"2020-09-01"
"2020-07-01";"Mueller Hinton II Agar ";"330";"MHII010720-01";"2020-09-01"
"2020-07-01";"Ashdown's Agar";"140";"ASHA010720-01";"2020-09-01"
"2020-07-02";"Chocolate Agar";"340";"CHOC020720-01";"2020-09-02"
"2020-07-02";"Blood Agar";"310";"BAP020720-01";"2020-09-02"
"2020-07-02";"Sheep Blood Mueller-Hinton Agar";"120";"SMH020720-01";"2020-09-02"
"2020-07-03";"Blood Culture Bottle (adult)";"222";"BHI A030720-01";"2021-01-03"
"2020-07-06";"Mueller Hinton II Agar ";"360";"MHII060720-01";"2020-09-06"
"2020-07-06";"Mannitol Salt Agar";"140";"MSA060720-01";"2020-09-06"
"2020-07-07";"Chocolate Agar";"330";"CHOC070720-01";"2020-09-07"
"2020-07-07";"Blood Agar";"310";"BAP070720-01";"2020-09-07"
"2020-07-07";"Blood Agar";"300";"BAP070720-02";"2020-09-07"
"2020-07-08";"Sulfide Indole Motility Medium";"460";"SIM080720-01";"2021-01-08"
"2020-07-08";"Lysine Iron Agar";"340";"LIA080720-01";"2021-01-08"
"2020-07-09";"Chocolate Agar";"160";"CHOC090720-01";"2020-09-09"
"2020-07-09";"Mannitol Salt Agar";"50";"MSA090720-01";"2020-09-09"
"2020-07-10";"Blood Culture Bottle (adult)";"218";"BHI A100720-01";"2021-01-10"
"2020-07-10";"Blood Culture Bottle (adult)";"224";"BHI A100720-02";"2021-01-10"
"2020-07-13";"MacConkey Agar";"410";"MAC130720-01";"2020-09-13"
"2020-07-13";"Mannitol Salt Agar";"60";"MSA130720-01";"2020-09-13"
"2020-07-13";"Mannitol Salt Agar";"60";"MSA130720-02";"2020-09-13"
"2020-07-14";"Blood Agar";"310";"BAP140720-01";"2020-09-14"
"2020-07-14";"Mueller Hinton II Agar ";"350";"MHII140720-01";"2020-09-14"
"2020-07-14";"Chocolate Agar";"340";"CHOC140720-01";"2020-09-14"
"2020-07-15";"Sheep Blood Mueller-Hinton Agar";"130";"SMH150720-01";"2020-09-15"
"2020-07-15";"Blood Agar";"300";"BAP150720-01";"2020-09-15"
"2020-07-15";"Chocolate Agar";"340";"CHOC150720-01";"2020-09-15"
"2020-07-16";"Mueller Hinton II Agar ";"360";"MHII160720-01";"2020-09-16"
"2020-07-16";"Blood Culture Bottle (child)";"448";"BHI P160720-01";"2021-01-16"
"2020-07-16";"Lysine Iron Agar";"320";"LIA160720-01";"2021-01-16"
"2020-07-17";"Blood Culture Bottle (child)";"450";"BHI P170720-01";"2021-01-17"
"2020-07-20";"MacConkey Agar";"420";"MAC200720-01";"2020-09-20"
"2020-07-20";"Hektoen Enteric Agar";"70";"HE200720-01";"2020-09-20"
"2020-07-21";"Chocolate Agar";"320";"CHOC210720-01";"2020-09-21"
"2020-07-21";"Blood Agar";"320";"BAP210720-01";"2020-09-21"
"2020-07-21";"Blood Agar";"310";"BAP210720-02";"2020-09-21"
"2020-07-22";"Blood Agar";"330";"BAP220720-01";"2020-09-22"
"2020-07-22";"MacConkey Agar";"410";"MAC220720-01";"2020-09-22"
"2020-07-22";"Chocolate Agar";"160";"CHOC220720-01";"2020-09-22"
"2020-07-23";"Mueller Hinton II Agar ";"360";"MHII230720-01";"2020-09-23"
"2020-07-23";"Urea Agar";"280";"URE230720-01";"2021-01-23"
"2020-07-23";"Mannitol Salt Agar";"160";"MSA230720-01";"2020-09-23"
"2020-07-24";"Blood Culture Bottle (adult)";"226";"BHI A240720-01";"2021-01-24"
"2020-07-27";"Thiosulfate Citrate Bile Salts Sucrose Agar ";"60";"TCBS270720-01";"2020-09-27"
"2020-07-27";"Mueller Hinton II Agar ";"350";"MHII270720-01";"2020-09-27"
"2020-07-28";"Blood Agar";"310";"BAP280720-01";"2020-09-28"
"2020-07-28";"Blood Agar";"320";"BAP280720-02";"2020-09-28"
"2020-07-28";"Kligler Iron Agar";"340";"KIA280720-01";"2021-01-28"
"2020-07-29";"Chocolate Agar";"340";"CHOC290720-01";"2020-09-29"
"2020-07-29";"Mueller Hinton II Agar ";"350";"MHII290720-01";"2020-09-29"
"2020-07-29";"Lysine Iron Agar";"310";"LIA290720-01";"2021-01-29"
"2020-07-30";"Chocolate Agar";"340";"CHOC300720-01";"2020-09-30"
"2020-07-30";"Simmons Citrate Agar ";"430";"CIT300720-02";"2021-01-30"
"2020-07-30";"Sheep Blood Mueller-Hinton Agar";"120";"SMH300720-01";"2020-09-30"
"2020-07-30";"Sulfide Indole Motility Medium";"440";"SIM300720-01";"2021-01-30"
"2020-07-31";"Blood Culture Bottle (adult)";"230";"BHI A310720-01";"2021-01-31"
"2020-08-03";"Trypticase Soy Broth + 20% glycerol";"475";"TSBG030820-01";"2021-02-03"
"2020-08-03";"Mannitol Salt Agar";"250";"MSA030820-01";"2020-10-03"
"2020-08-03";"Ashdown's Agar";"150";"ASHA030820-01";"2020-10-03"
"2020-08-04";"Cystine Lactose Electrolyte Deficient Agar";"110";"CLED040820-01";"2020-10-04"
"2020-08-04";"Blood Agar";"320";"BAP040820-01";"2020-10-04"
"2020-08-04";"Blood Agar";"320";"BAP040820-02";"2020-10-04"
"2020-08-05";"Chocolate Agar";"340";"CHOC050820-01";"2020-10-05"
"2020-08-05";"MacConkey Agar";"410";"MAC050820-01";"2020-10-05"
"2020-08-06";"Hektoen Enteric Agar";"70";"HE060820-01";"2020-10-06"
"2020-08-06";"Lysine Iron Agar";"330";"LIA060820-01";"2021-02-06"
"2020-08-06";"Mueller Hinton II Agar ";"350";"MHII060820-01";"2020-10-06"
"2020-08-06";"Blood Agar";"190";"BAP060820-01";"2020-10-06"
"2020-08-07";"Blood Culture Bottle (adult)";"225";"BHI A070820-01";"2021-02-07"
"2020-08-07";"Blood Culture Bottle (adult)";"225";"BHI A070820-02";"2021-02-07"
"2020-08-10";"Mueller Hinton II Agar ";"360";"MHII100820-01";"2020-10-10"
"2020-08-10";"MacConkey Agar";"410";"MAC100820-01";"2020-10-10"
"2020-08-11";"Blood Agar";"330";"BAP110820-01";"2020-10-11"
"2020-08-11";"Blood Agar";"270";"BAP110820-02";"2020-10-11"
"2020-08-11";"Kligler Iron Agar";"340";"KIA110820-01";"2021-02-11"
"2020-08-12";"MacConkey Agar";"430";"MAC120820-01";"2020-10-12"
"2020-08-12";"Mannitol Salt Agar";"240";"MSA120820-01";"2020-10-12"
"2020-08-12";"Hektoen Enteric Agar";"50";"HE120820-02";"2020-10-12"
"2020-08-13";"Mueller Hinton II Agar ";"370";"MHII130820-01";"2020-10-13"
"2020-08-13";"Sheep Blood Mueller-Hinton Agar";"130";"SMH130820-01";"2020-10-13"
"2020-08-14";"Blood Culture Bottle (adult)";"225";"BHI A140820-01";"2021-02-14"
"2020-08-14";"Blood Culture Bottle (adult)";"225";"BHI A140820-02";"2021-02-14"
"2020-08-24";"MacConkey Agar";"420";"MAC240820-01";"2020-10-24"
"2020-08-24";"Mueller Hinton II Agar ";"360";"MHII240820-01";"2020-10-24"
"2020-08-25";"Mannitol Salt Agar";"150";"MSA250820-01";"2020-10-25"
"2020-08-25";"Chocolate Agar";"330";"CHOC250820-01";"2020-10-25"
"2020-08-25";"Lysine Iron Agar";"360";"LIA250820-01";"2021-02-25"
"2020-08-26";"Chocolate Agar";"340";"CHOC260820-01";"2020-10-26"
"2020-08-26";"Hektoen Enteric Agar";"80";"HE260820-01";"2020-10-26"
"2020-08-26";"Thiosulfate Citrate Bile Salts Sucrose Agar ";"80";"TCBS260820-01";"2020-10-26"
"2020-08-27";"Urea Agar";"270";"URE270820-01";"2021-02-27"
"2020-08-27";"Ashdown's Agar";"140";"ASHA270820-01";"2020-10-27"
"2020-08-27";"Simmons Citrate Agar ";"440";"CIT270820-01";"2021-02-27"
"2020-08-28";"Blood Culture Bottle (child)";"440";"BHI P280820-01";"2021-02-28"
"2020-08-31";"Blood Agar";"320";"BAP310820-01";"2020-10-31"
"2020-09-02";"Chocolate Agar";"340";"CHOC020920-01";"2020-11-02"
"2020-09-02";"Mueller Hinton II Agar ";"360";"MHII020920-01";"2020-11-02"
"2020-09-01";"Blood Agar";"250";"BAP010920-01";"2020-11-01"
"2020-09-01";"Cystine Lactose Electrolyte Deficient Agar";"70";"CLED010920-01";"2020-11-01"
"2020-09-01";"MacConkey Agar";"190";"MAC010920-01";"2020-11-01"
"2020-09-03";"Chocolate Agar";"340";"CHOC030920-01";"2020-11-03"
"2020-09-03";"Hektoen Enteric Agar";"60";"HE030920-01";"2020-11-03"
"2020-09-03";"MacConkey Agar";"430";"MAC030920-01";"2020-11-03"
"2020-09-04";"Blood Culture Bottle (adult)";"225";"BHI A040920-01";"2021-03-04"
"2020-09-07";"Kligler Iron Agar";"340";"KIA070920-01";"2021-03-07"
"2020-09-08";"Blood Culture Bottle (adult)";"225";"BHI A080920-01";"2021-03-08"
"2020-09-08";"Blood Agar";"280";"BAP080920-01";"2020-11-08"
"2020-09-09";"Chocolate Agar";"330";"CHOC090920-01";"2020-11-09"
"2020-09-09";"Mueller Hinton II Agar ";"360";"MHII090920-01";"2020-11-09"
"2020-09-09";"Sulfide Indole Motility Medium";"450";"SIM090920-01";"2021-03-09"
"2020-09-10";"MacConkey Agar";"420";"MAC100920-01";"2020-11-10"
"2020-09-10";"Chocolate Agar";"330";"CHOC100920-01";"2020-11-10"
"2020-09-11";"Blood Culture Bottle (adult)";"216";"BHI A110920-01";"2021-03-11"
"2020-09-11";"Blood Culture Bottle (adult)";"224";"BHI A110920-02";"2021-03-11"
"2020-09-14";"Blood Agar";"310";"BAP140920-01";"2020-11-14"
"2020-09-14";"Blood Culture Bottle (adult)";"225";"BHI A140920-01";"2021-03-14"
"2020-09-15";"Blood Culture Bottle (adult)";"230";"BHI A150920-01";"2021-03-15"
"2020-09-15";"Blood Culture Bottle (adult)";"226";"BHI A150920-02";"2021-03-15"
"2020-09-21";"Urea Agar";"290";"URE210920-01";"2021-03-21"
"2020-09-21";"Mueller Hinton II Agar ";"360";"MHII210920-01";"2020-11-21"
"2020-09-21";"Lysine Iron Agar";"340";"LIA210920-01";"2021-03-21"
"2020-09-22";"Chocolate Agar";"330";"CHOC220920-01";"2020-11-22"
"2020-09-22";"Blood Agar";"300";"BAP220920-01";"2020-11-22"
"2020-09-23";"Blood Culture Bottle (child)";"442";"BHI P230920-01";"2021-03-23"
"2020-09-23";"Mannitol Salt Agar";"270";"MSA230920-01";"2020-11-23"
"2020-09-23";"Blood Agar";"310";"BAP230920-01";"2020-11-23"
"2020-09-24";"Blood Agar";"310";"BAP240920-01";"2020-11-24"
"2020-09-25";"Blood Culture Bottle (child)";"460";"BHI P250920-01";"2021-03-25"
"2020-09-25";"Blood Culture Bottle (adult)";"226";"BHI A250920-01";"2021-03-25"
"2020-09-25";"Sheep Blood Mueller-Hinton Agar";"120";"SMH250920-01";"2020-11-25"
"2020-09-28";"Kligler Iron Agar";"350";"KIA280920-01";"2021-03-28"
"2020-09-28";"Kligler Iron Agar";"330";"KIA280920-02";"2021-03-28"
"2020-09-28";"Mueller Hinton II Agar ";"350";"MHII280920-01";"2020-11-28"
"2020-09-28";"Cystine Lactose Electrolyte Deficient Agar";"110";"CLED280920-01";"2020-11-28"
"2020-09-29";"Chocolate Agar";"340";"CHOC290920-01";"2020-11-29"
"2020-09-29";"Kligler Iron Agar";"340";"KIA290920-01";"2021-03-29"
"2020-09-29";"Ashdown's Agar";"150";"ASHA290920-01";"2020-11-29"
"2020-09-29";"Mueller Hinton II Agar ";"360";"MHII290920-01";"2020-11-29"
"2020-09-30";"Kligler Iron Agar";"330";"KIA300920-01";"2021-03-30"
"2020-09-30";"Kligler Iron Agar";"340";"KIA300920-02";"2021-03-30"
"2020-09-30";"Blood Agar";"310";"BAP300920-01";"2020-11-30"
"2020-09-30";"Chocolate Agar";"340";"CHOC300920-01";"2020-11-30"
"2020-10-01";"Blood Agar";"310";"BAP011020-01";"2020-12-01"
"2020-10-01";"MacConkey Agar";"420";"MAC011020-01";"2020-12-01"
"2020-10-01";"Thiosulfate Citrate Bile Salts Sucrose Agar ";"80";"TCBS011020-01";"2020-12-01"
"2020-10-02";"Blood Culture Bottle (adult)";"221";"BHI A021020-01";"2021-04-02"
"2020-10-05";"Mueller Hinton II Agar ";"370";"MHII051020-01";"2020-12-05"
"2020-10-05";"Urea Agar";"270";"URE051020-01";"2021-04-05"
"2020-10-05";"Hektoen Enteric Agar";"80";"HE051020-01";"2020-12-05"
"2020-10-06";"Simmons Citrate Agar ";"390";"CIT061020-01";"2021-04-06"
"2020-10-06";"Chocolate Agar";"310";"CHOC061020-01";"2020-12-06"
"2020-10-06";"MacConkey Agar";"410";"MAC061020-01";"2020-12-06"
"2020-10-06";"Blood Agar";"310";"BAP061020-01";"2020-12-06"
"2020-10-07";"Sulfide Indole Motility Medium";"490";"SIM071020-01";"2021-04-07"
"2020-10-07";"Mannitol Salt Agar";"350";"MSA071020-01";"2020-12-07"
"2020-10-07";"Mueller Hinton II Agar ";"360";"MHII071020-01";"2020-12-07"
"2020-10-08";"Lysine Iron Agar";"330";"LIA081020-01";"2021-04-08"
"2020-10-08";"Chocolate Agar";"340";"CHOC081020-01";"2020-12-08"
"2020-10-08";"Trypticase Soy Agar ";"133";"TSA081020-01";"2021-04-08"
"2020-10-09";"Blood Culture Bottle (adult)";"228";"BHI A091020-01";"2021-04-09"
"2020-10-09";"Blood Culture Bottle (adult)";"226";"BHI A091020-02";"2021-04-09"
"2020-10-12";"Hektoen Enteric Agar";"80";"HE121020-01";"2020-12-12"
"2020-10-12";"Sheep Blood Mueller-Hinton Agar";"140";"SMH121020-01";"2020-12-12"
"2020-10-12";"Blood Agar";"300";"BAP121020-01";"2020-12-12"
"2020-10-13";"Blood Agar";"140";"BAP131020-01";"2020-12-13"
"2020-10-13";"Chocolate Agar";"340";"CHOC131020-01";"2020-12-13"
"2020-10-13";"Mueller Hinton II Agar ";"350";"MHII131020-01";"2020-12-13"
"2020-10-14";"Blood Culture Bottle (adult)";"228";"BHI A141020-01";"2021-04-14"
"2020-10-14";"Trypticase Soy Broth ";"190";"TSB141020-01";"2024-07-14"
"2020-10-14";"Thiosulfate Citrate Bile Salts Sucrose Agar ";"60";"TCBS141020-01";"2020-12-14"
"2020-10-16";"Blood Culture Bottle (child)";"452";"BHI P161020-01";"2021-04-16"
"2020-10-19";"MacConkey Agar";"400";"MAC191020-01";"2020-12-19"
"2020-10-19";"Blood Agar";"300";"BAP191020-01";"2020-12-19"
"2020-10-20";"Simmons Citrate Agar ";"440";"CIT201020-01";"2021-04-20"
"2020-10-20";"Mueller Hinton II Agar ";"360";"MHII201020-01";"2020-12-20"
"2020-10-20";"Blood Agar";"320";"BAP201020-01";"2020-12-20"
"2020-10-20";"Chocolate Agar";"320";"CHOC201020-01";"2020-12-20"
"2020-10-21";"Mueller Hinton II Agar ";"360";"MHII211020-01";"2020-12-21"
"2020-10-21";"Chocolate Agar";"330";"CHOC211020-01";"2020-12-21"
"2020-10-21";"Hektoen Enteric Agar";"80";"HE211020-01";"2020-12-21"
"2020-10-21";"Blood Agar";"230";"BAP211020-01";"2020-12-21"
"2020-10-22";"Cystine Lactose Electrolyte Deficient Agar";"110";"CLED221020-01";"2020-12-22"
"2020-10-22";"MacConkey Agar";"420";"MAC221020-01";"2020-12-22"
"2020-10-22";"MacConkey Agar";"410";"MAC221020-02";"2020-12-22"
"2020-10-22";"Urea Agar";"260";"URE221020-01";"2021-04-22"
"2020-10-23";"Blood Agar";"300";"BAP231020-01";"2020-12-23"
"2020-10-26";"Blood Agar";"290";"BAP261020-01";"2020-12-26"
"2020-10-26";"Blood Agar";"280";"BAP261020-02";"2020-12-26"
"2020-10-26";"Ashdown's Broth";"84";"ASHB261020-01";"2021-04-26"
"2020-10-27";"Mueller Hinton II Agar ";"360";"MHII271020-01";"2020-12-27"
"2020-10-27";"Chocolate Agar";"320";"CHOC271020-01";"2020-12-27"
"2020-10-28";"Mueller Hinton II Agar ";"360";"MHII281020-01";"2020-12-28"
"2020-11-02";"Mueller Hinton II Agar ";"350";"MHII021120-01";"2021-01-02"
"2020-11-02";"Sulfide Indole Motility Medium";"440";"SIM021120-01";"2021-05-02"
"2020-11-03";"Mueller Hinton II Agar ";"350";"MHII031120-01";"2021-01-03"
"2020-11-03";"Chocolate Agar";"320";"CHOC031120-01";"2021-01-03"
"2020-11-03";"Simmons Citrate Agar ";"330";"CIT031120-01";"2021-05-03"
"2020-11-03";"MacConkey Agar";"410";"MAC031120-01";"2021-01-03"
"2020-11-04";"Ashdown's Agar";"240";"ASHA041120-01";"2021-01-04"
"2020-11-04";"Chocolate Agar";"330";"CHOC041120-01";"2021-01-04"
"2020-11-04";"Mannitol Salt Agar";"250";"MSA041120-01";"2021-01-04"
"2020-11-05";"MacConkey Agar";"410";"MAC051120-01";"2021-01-05"
"2020-11-05";"Urea Agar";"270";"URE051120-01";"2021-05-05"
"2020-11-05";"Mueller Hinton II Agar ";"360";"MHII051120-01";"2021-01-05"
"2020-11-05";"Hektoen Enteric Agar";"130";"HE051120-01";"2021-01-05"
"2020-11-06";"Blood Culture Bottle (child)";"446";"BHI P061120-01";"2021-05-06"
"2020-11-10";"Blood Agar";"320";"BAP101120-01";"2021-01-10"
"2020-11-10";"Blood Agar";"300";"BAP101120-02";"2021-01-10"
"2020-11-11";"MacConkey Agar";"410";"MAC111120-01";"2021-01-11"
"2020-11-11";"Lysine Iron Agar";"340";"LIA111120-01";"2021-05-11"
"2020-11-11";"Blood Agar";"270";"BAP111120-01";"2021-01-11"
"2020-11-12";"Blood Agar";"300";"BAP121120-01";"2021-01-12"
"2020-11-12";"Blood Agar";"260";"BAP121120-02";"2021-01-12"
"2020-11-12";"Sheep Blood Mueller-Hinton Agar";"140";"SMH121120-01";"2021-01-12"
"2020-11-13";"Blood Culture Bottle (child)";"455";"BHI P131120-01";"2021-05-13"
"2020-11-16";"Chocolate Agar";"330";"CHOC161120-01";"2021-01-16"
"2020-11-16";"Mueller Hinton II Agar ";"350";"MHII161120-01";"2021-01-16"
"2020-11-16";"Simmons Citrate Agar ";"420";"CIT161120-01";"2021-05-16"
"2020-11-17";"Chocolate Agar";"330";"CHOC171120-01";"2021-01-17"
"2020-11-17";"Thiosulfate Citrate Bile Salts Sucrose Agar ";"50";"TCBS171120-01";"2021-01-17"
"2020-11-17";"Blood Agar";"330";"BAP171120-01";"2021-01-17"
"2020-11-17";"Blood Agar";"330";"BAP171120-02";"2021-01-17"
"2020-11-18";"Chocolate Agar";"330";"CHOC181120-01";"2021-01-18"
"2020-11-18";"Lysine Iron Agar";"260";"LIA181120-01";"2021-05-18"
"2020-11-18";"MacConkey Agar";"410";"MAC181120-01";"2021-01-18"
"2020-11-18";"MacConkey Agar";"410";"MAC181120-02";"2021-01-18"
"2020-11-19";"Mueller Hinton II Agar ";"350";"MHII191120-01";"2021-01-19"
"2020-11-19";"Urea Agar";"270";"URE191120-01";"2021-05-19"
"2020-11-19";"Blood Culture Bottle (adult)";"226";"BHI A191120-01";"2021-05-19"
"2020-11-19";"Mannitol Salt Agar";"260";"MSA191120-01";"2021-01-19"
"2020-11-20";"Blood Culture Bottle (adult)";"223";"BHI A201120-01";"2021-05-20"
"2020-11-20";"Blood Culture Bottle (adult)";"225";"BHI A201120-02";"2021-05-20"
"2020-11-23";"Blood Agar";"300";"BAP231120-01";"2021-01-23"
"2020-11-23";"Blood Agar";"320";"BAP231120-02";"2021-01-23"
"2020-11-23";"Thiosulfate Citrate Bile Salts Sucrose Agar ";"130";"TCBS231120-01";"2021-01-23"
"2020-11-24";"Blood Agar";"270";"BAP241120-01";"2021-01-24"
"2020-11-24";"Blood Agar";"280";"BAP241120-02";"2021-01-24"
"2020-11-24";"Chocolate Agar";"330";"CHOC241120-01";"2021-01-24"
"2020-11-24";"Hektoen Enteric Agar";"60";"HE241120-01";"2021-01-24"
"2020-11-25";"Ashdown's Agar";"150";"ASHA251120-01";"2021-01-25"
"2020-11-25";"Chocolate Agar";"340";"CHOC251120-01";"2021-01-25"
"2020-11-25";"Mueller Hinton II Agar ";"360";"MHII251120-01";"2021-01-25"
"2020-11-25";"Lysine Iron Agar";"330";"LIA251120-01";"2021-05-25"
"2020-11-26";"MacConkey Agar";"420";"MAC261120-01";"2021-01-26"
"2020-11-26";"Trypticase Soy Agar ";"163";"TSA261120-01";"2021-05-26"
"2020-11-26";"Urea Agar";"280";"URE261120-01";"2021-05-26"
"2020-11-27";"Sulfide Indole Motility Medium";"490";"SIM271120-01";"2021-05-27"
"2020-11-30";"Blood Agar";"320";"BAP301120-01";"2021-01-30"
"2020-12-01";"MacConkey Agar";"410";"MAC011220-01";"2021-02-01"
"2020-12-02";"Chocolate Agar";"340";"CHOC021220-01";"2021-02-02"
"2020-12-02";"Mueller Hinton II Agar ";"360";"MHII021220-01";"2021-02-02"
"2020-12-03";"Mueller Hinton II Agar ";"330";"MHII031220-01";"2021-02-03"
"2020-12-03";"MacConkey Agar";"400";"MAC031220-01";"2021-02-03"
"2020-12-04";"Thiosulfate Citrate Bile Salts Sucrose Agar ";"60";"TCBS041220-01";"2021-02-04"
"2020-12-04";"Hektoen Enteric Agar";"50";"HE041220-01";"2021-02-04"
"2020-12-07";"Sulfide Indole Motility Medium";"470";"SIM071220-01";"2021-06-07"
"2020-12-07";"Kligler Iron Agar";"180";"KIA071220-01";"2021-06-07"
"2020-12-08";"Blood Agar";"320";"BAP081220-01";"2021-02-08"
"2020-12-08";"Blood Culture Bottle (adult)";"210";"BHI A081220-01";"2021-06-08"
"2020-12-08";"Blood Culture Bottle (adult)";"230";"BHI A081220-02";"2021-06-08"
"2020-12-09";"Blood Culture Bottle (child)";"461";"BHI P091220-01";"2021-06-09"
"2020-12-09";"MacConkey Agar";"410";"MAC091220-01";"2021-02-09"
"2020-12-09";"Mueller Hinton II Agar ";"360";"MHII091220-01";"2021-02-09"
"2020-12-10";"Blood Culture Bottle (adult)";"222";"BHI A101220-01";"2021-06-10"
"2020-12-10";"Blood Agar";"320";"BAP101220-01";"2021-02-10"
"2020-12-10";"Chocolate Agar";"340";"CHOC101220-01";"2021-02-10"
"2020-12-10";"Mannitol Salt Agar";"140";"MSA101220-01";"2021-02-10"
"2020-12-11";"Blood Culture Bottle (adult)";"225";"BHI A111220-01";"2021-06-11"
"2020-12-11";"Blood Culture Bottle (adult)";"224";"BHI A111220-02";"2021-06-11"
"2020-12-14";"Blood Agar";"320";"BAP141220-01";"2021-02-14"
"2020-12-14";"Blood Agar";"320";"BAP141220-02";"2021-02-14"
"2020-12-15";"Blood Agar";"280";"BAP151220-01";"2021-02-15"
"2020-12-15";"Chocolate Agar";"330";"CHOC151220-01";"2021-02-15"
"2020-12-15";"Mueller Hinton II Agar ";"360";"MHII151220-01";"2021-02-15"
"2020-12-15";"Lysine Iron Agar";"320";"LIA151220-01";"2021-06-15"
"2020-12-16";"Simmons Citrate Agar ";"460";"CIT161220-01";"2021-06-16"
"2020-12-16";"Blood Culture Bottle (adult)";"226";"BHI A161220-01";"2021-06-16"
"2020-12-16";"Blood Culture Bottle (adult)";"231";"BHI A161220-02";"2021-06-16"
"2020-12-17";"Blood Culture Bottle (child)";"450";"BHI P171220-01";"2021-06-17"
"2020-12-17";"Urea Agar";"290";"URE171220-01";"2021-06-17"
"2020-12-18";"Sheep Blood Mueller-Hinton Agar";"120";"SMH181220-01";"2021-02-18"
"2020-12-18";"Blood Culture Bottle (adult)";"225";"BHI A181220-01";"2021-06-18"
"2020-12-18";"Blood Culture Bottle (adult)";"228";"BHI A181220-02";"2021-06-18"
"2020-12-21";"Hektoen Enteric Agar";"170";"HE211220-01";"2021-02-21"
"2020-12-21";"Blood Agar";"310";"BAP211220-01";"2021-02-21"
"2020-12-21";"Blood Agar";"320";"BAP211220-02";"2021-02-21"
"2020-12-22";"Thiosulfate Citrate Bile Salts Sucrose Agar ";"180";"TCBS221220-01";"2021-02-22"
"2020-12-22";"Mueller Hinton II Agar ";"360";"MHII221220-01";"2021-02-22"
"2020-12-22";"MacConkey Agar";"430";"MAC221220-01";"2021-02-22"
"2020-12-22";"Chocolate Agar";"330";"CHOC221220-01";"2021-02-22"
"2020-12-23";"Blood Agar";"320";"BAP231220-01";"2021-02-23"
"2020-12-23";"Blood Agar";"300";"BAP231220-02";"2021-02-23"
"2020-12-23";"Chocolate Agar";"330";"CHOC231220-01";"2021-02-23"
"2020-12-23";"Hektoen Enteric Agar";"130";"HE231220-01";"2021-02-23"
"2020-12-23";"Kligler Iron Agar";"350";"KIA231220-01";"2021-06-23"
"2020-12-24";"MacConkey Agar";"410";"MAC241220-01";"2021-02-24"
"2020-12-24";"Thiosulfate Citrate Bile Salts Sucrose Agar ";"130";"TCBS241220-01";"2021-02-24"
"2020-12-24";"Chocolate Agar";"340";"CHOC241220-01";"2021-02-24"
"2020-12-24";"Mueller Hinton II Agar ";"350";"MHII241220-01";"2021-02-24"
"2020-12-25";"Mannitol Salt Agar";"150";"MSA251220-01";"2021-02-25"
"2020-12-25";"Blood Culture Bottle (adult)";"226";"BHI A251220-01";"2021-06-25"
"2020-12-25";"Blood Culture Bottle (child)";"440";"BHI P251220-01";"2021-06-25"
"2020-12-28";"Ashdown's Agar";"150";"ASHA281220-01";"2021-02-28"
"2020-12-28";"Blood Agar";"320";"BAP281220-01";"2021-02-28"
"2020-12-28";"Cystine Lactose Electrolyte Deficient Agar";"70";"CLED281220-01";"2021-02-28"
"2020-12-28";"Kligler Iron Agar";"340";"KIA281220-01";"2021-06-28"
"2020-12-29";"Blood Agar";"310";"BAP291220-01";"2021-03-01"
"2020-12-29";"Blood Agar";"320";"BAP291220-02";"2021-03-01"
"2020-12-29";"Chocolate Agar";"320";"CHOC291220-01";"2021-03-01"
"2020-12-29";"Trypticase Soy Broth + 20% glycerol";"150";"TSBG291220-01";"2021-06-29"
"2020-12-30";"MacConkey Agar";"280";"MAC301220-01";"2021-03-02"
"2020-12-30";"Chocolate Agar";"340";"CHOC301220-01";"2021-03-02"
"2020-12-30";"Mueller Hinton II Agar ";"360";"MHII301220-01";"2021-03-02"
"2020-12-30";"Hektoen Enteric Agar";"190";"HE301220-01";"2021-03-02"
"2020-12-31";"Blood Culture Bottle (adult)";"228";"BHI A311220-01";"2021-07-01"
"2021-01-04";"Cystine Lactose Electrolyte Deficient Agar";"110";"CLED040121-01";"2021-03-04"
"2021-01-04";"Mannitol Salt Agar";"150";"MSA040121-01";"2021-03-04"
"2021-01-04";"Blood Agar";"230";"BAP040121-01";"2021-03-04"
"2021-01-05";"Blood Agar";"310";"BAP050121-01";"2021-03-05"
"2021-01-05";"Blood Agar";"320";"BAP050121-02";"2021-03-05"
"2021-01-05";"Hektoen Enteric Agar";"80";"HE050121-01";"2021-03-05"
"2021-01-05";"Chocolate Agar";"340";"CHOC050121-01";"2021-03-05"
"2021-01-06";"Blood Culture Bottle (adult)";"226";"BHI A060121-01";"2021-07-06"
"2021-01-06";"Blood Culture Bottle (adult)";"228";"BHI A060121-02";"2021-07-06"
"2021-01-08";"Blood Culture Bottle (adult)";"225";"BHI A080121-01";"2021-07-08"
"2021-01-11";"Blood Agar";"220";"BAP110121-01";"2021-03-11"
"2021-01-11";"Mueller Hinton II Agar ";"350";"MHII110121-01";"2021-03-11"
"2021-01-11";"Lysine Iron Agar";"320";"LIA110121-01";"2021-07-11"
"2021-01-12";"Chocolate Agar";"330";"CHOC120121-01";"2021-03-12"
"2021-01-12";"Sheep Blood Mueller-Hinton Agar";"110";"SMH120121-01";"2021-03-12"
"2021-01-12";"Blood Agar";"310";"BAP120121-01";"2021-03-12"
"2021-01-13";"Chocolate Agar";"330";"CHOC130121-01";"2021-03-13"
"2021-01-13";"MacConkey Agar";"320";"MAC130121-01";"2021-03-13"
"2021-01-13";"MacConkey Agar";"390";"MAC130121-02";"2021-03-13"
"2021-01-14";"Mueller Hinton II Agar ";"350";"MHII140121-01";"2021-03-14"
"2021-01-14";"Mueller Hinton II Agar ";"340";"MHII140121-02";"2021-03-14"
"2021-01-14";"Urea Agar";"220";"URE140121-01";"2021-07-14"
"2021-01-15";"Blood Culture Bottle (adult)";"230";"BHI A150121-01";"2021-07-15"
"2021-01-15";"Blood Culture Bottle (adult)";"223";"BHI A150121-02";"2021-07-15"
"2021-01-18";"MacConkey Agar";"390";"MAC180121-01";"2021-03-18"
"2021-01-18";"MacConkey Agar";"400";"MAC180121-02";"2021-03-18"
"2021-01-19";"Ashdown's Agar";"130";"ASHA190121-01";"2021-03-19"
"2021-01-19";"Blood Agar";"320";"BAP190121-01";"2021-03-19"
"2021-01-19";"Cystine Lactose Electrolyte Deficient Agar";"70";"CLED190121-01";"2021-03-19"
"2021-01-20";"Kligler Iron Agar";"350";"KIA200121-01";"2021-07-20"
"2021-01-20";"MacConkey Agar";"390";"MAC200121-01";"2021-03-20"
"2021-01-20";"Blood Agar";"220";"BAP200121-01";"2021-03-20"
"2021-01-20";"Trypticase Soy Broth ";"337";"TSB200121-01";"2024-10-20"
"2021-01-20";"Trypticase Soy Broth + 20% glycerol";"327";"TSBG200121-01";"2021-07-20"
"2021-01-21";"Mannitol Salt Agar";"160";"MSA210121-01";"2021-03-21"
"2021-01-21";"Mueller Hinton II Agar ";"360";"MHII210121-01";"2021-03-21"
"2021-01-21";"Lysine Iron Agar";"340";"LIA210121-01";"2021-07-21"
"2021-01-21";"Hektoen Enteric Agar";"30";"HE210121-01";"2021-03-21"
"2021-01-22";"Blood Culture Bottle (child)";"450";"BHI P220121-01";"2021-07-22"
"2021-01-22";"Blood Culture Bottle (adult)";"227";"BHI A220121-01";"2021-07-22"
"2021-01-25";"Sheep Blood Mueller-Hinton Agar";"120";"SMH250121-01";"2021-03-25"
"2021-01-25";"MacConkey Agar";"510";"MAC250121-01";"2021-03-25"
"2021-01-26";"Kligler Iron Agar";"340";"KIA260121-01";"2021-07-26"
"2021-01-26";"Blood Agar";"320";"BAP260121-01";"2021-03-26"
"2021-01-27";"Blood Agar";"320";"BAP270121-01";"2021-03-27"
"2021-01-27";"Lysine Iron Agar";"350";"LIA270121-01";"2021-07-27"
"2021-01-27";"Simmons Citrate Agar ";"420";"CIT270121-01";"2021-07-27"
"2021-01-28";"Urea Agar";"270";"URE280121-01";"2021-07-28"
"2021-01-28";"Mueller Hinton II Agar ";"350";"MHII280121-01";"2021-03-28"
"2021-01-29";"Blood Culture Bottle (adult)";"226";"BHI A290121-01";"2021-07-29"
"2021-02-01";"Hektoen Enteric Agar";"80";"HE010221-01";"2021-04-01"
"2021-02-01";"MacConkey Agar";"400";"MAC010221-01";"2021-04-01"
"2021-02-01";"Thiosulfate Citrate Bile Salts Sucrose Agar ";"80";"TCBS010221-01";"2021-04-01"
"2021-02-02";"Sulfide Indole Motility Medium";"470";"SIM020221-01";"2021-08-02"
"2021-02-02";"Mannitol Salt Agar";"210";"MSA020221-01";"2021-04-02"
"2021-02-02";"Ashdown's Agar";"150";"ASHA020221-01";"2021-04-02"
"2021-02-03";"Chocolate Agar";"330";"CHOC030221-01";"2021-04-03"
"2021-02-03";"Blood Agar";"320";"BAP030221-01";"2021-04-03"
"2021-02-04";"Chocolate Agar";"340";"CHOC040221-01";"2021-04-04"
"2021-02-04";"MacConkey Agar";"390";"MAC040221-01";"2021-04-04"
"2021-02-05";"Blood Culture Bottle (adult)";"227";"BHI A050221-01";"2021-08-05"
"2021-02-08";"Urea Agar";"290";"URE080221-01";"2021-08-08"
"2021-02-08";"Mannitol Salt Agar";"150";"MSA080221-01";"2021-04-08"
"2021-02-09";"Blood Agar";"320";"BAP090221-02";"2021-04-09"
"2021-02-10";"Lysine Iron Agar";"350";"LIA100221-01";"2021-08-10"
"2021-02-10";"Mueller Hinton II Agar ";"340";"MHII100221-01";"2021-04-10"
"2021-02-10";"Chocolate Agar";"320";"CHOC100221-01";"2021-04-10"
"2021-02-11";"Blood Agar";"80";"BAP110221-01";"2021-04-11"
"2021-02-11";"Mueller Hinton II Agar ";"360";"MHII110221-01";"2021-04-11"
"2021-02-11";"Kligler Iron Agar";"350";"KIA110221-01";"2021-08-11"
"2021-02-12";"Blood Culture Bottle (adult)";"223";"BHI A120221-01";"2021-08-12"
"2021-02-12";"Hektoen Enteric Agar";"100";"HE120221-01";"2021-04-12"
"2021-02-15";"Mannitol Salt Agar";"150";"MSA150221-01";"2021-04-15"
"2021-02-15";"Cystine Lactose Electrolyte Deficient Agar";"160";"CLED150221-01";"2021-04-15"
"2021-02-16";"Blood Agar";"210";"BAP160221-01";"2021-04-16"
"2021-02-16";"Mueller Hinton II Agar ";"360";"MHII160221-01";"2021-04-16"
"2021-02-17";"MacConkey Agar";"410";"MAC170221-01";"2021-04-17"
"2021-02-17";"Chocolate Agar";"340";"CHOC170221-01";"2021-04-17"
"2021-02-18";"Chocolate Agar";"340";"CHOC180221-01";"2021-04-18"
"2021-02-18";"Hektoen Enteric Agar";"120";"HE180221-01";"2021-04-18"
"2021-02-18";"Mueller Hinton II Agar ";"350";"MHII180221-01";"2021-04-18"
"2021-02-22";"Cystine Lactose Electrolyte Deficient Agar";"110";"CLED220221-01";"2021-04-22"
"2021-02-22";"Blood Agar";"320";"BAP220221-01";"2021-04-22"
"2021-02-22";"Blood Agar";"320";"BAP220221-02";"2021-04-22"
"2021-02-23";"Sheep Blood Mueller-Hinton Agar";"140";"SMH230221-01";"2021-04-23"
"2021-02-23";"Blood Agar";"230";"BAP230221-01";"2021-04-23"
"2021-02-23";"Modified Thayer-Martin Agar ";"30";"MTM230221-01";"2021-04-23"
"2021-02-24";"MacConkey Agar";"420";"MAC240221-01";"2021-04-24"
"2021-02-24";"Simmons Citrate Agar ";"400";"CIT240221-01";"2021-08-24"
"2021-02-25";"Ashdown's Agar";"140";"ASHA250221-01";"2021-04-25"
"2021-02-25";"Sulfide Indole Motility Medium";"460";"SIM250221-01";"2021-08-25"
"2021-02-25";"Chocolate Agar";"310";"CHOC250221-01";"2021-04-25"
"2021-02-26";"Blood Culture Bottle (adult)";"225";"BHI A260221-01";"2021-08-26"
"2021-03-01";"Mannitol Salt Agar";"260";"MSA010321-01";"2021-05-01"
"2021-03-02";"Urea Agar";"300";"URE020321-01";"2021-09-02"
"2021-03-02";"Blood Agar";"310";"BAP020321-01";"2021-05-02"
"2021-03-02";"Blood Agar";"310";"BAP020321-02";"2021-05-02"
"2021-03-03";"Chocolate Agar";"330";"CHOC030321-01";"2021-05-03"
"2021-03-03";"Blood Agar";"230";"BAP030321-01";"2021-05-03"
"2021-03-04";"MacConkey Agar";"390";"MAC040321-01";"2021-05-04"
"2021-03-05";"Blood Culture Bottle (adult)";"226";"BHI A050321-01";"2021-09-05"
"2021-03-05";"Blood Culture Bottle (adult)";"228";"BHI A050321-02";"2021-09-05"
"2021-03-09";"Hektoen Enteric Agar";"50";"HE090321-01";"2021-05-09"
"2021-03-09";"Thiosulfate Citrate Bile Salts Sucrose Agar ";"60";"TCBS090321-01";"2021-05-09"
"2021-03-10";"Blood Agar";"310";"BAP100321-01";"2021-05-10"
"2021-03-10";"Blood Agar";"320";"BAP100321-02";"2021-05-10"
"2021-03-11";"Ashdown's Agar";"130";"ASHA110321-01";"2021-05-11"
"2021-03-11";"Cystine Lactose Electrolyte Deficient Agar";"70";"CLED110321-01";"2021-05-11"
"2021-03-11";"Chocolate Agar";"310";"CHOC110321-01";"2021-05-11"
"2021-03-12";"Blood Culture Bottle (adult)";"226";"BHI A120321-01";"2021-09-12"
"2021-03-15";"MacConkey Agar";"400";"MAC150321-01";"2021-05-15"
"2021-03-16";"Thiosulfate Citrate Bile Salts Sucrose Agar ";"50";"TCBS160321-01";"2021-05-16"
"2021-03-17";"Mueller Hinton II Agar ";"340";"MHII170321-01";"2021-05-17"
"2021-03-18";"Blood Agar";"220";"BAP180321-01";"2021-05-18"
"2021-03-18";"MacConkey Agar";"400";"MAC180321-01";"2021-05-18"
"2021-03-18";"Chocolate Agar";"320";"CHOC180321-01";"2021-05-18"
"2021-03-19";"Hektoen Enteric Agar";"60";"HE190321-01";"2021-05-19"
"2021-03-19";"Blood Culture Bottle (adult)";"227";"BHI A190321-01";"2021-09-19"
"2021-03-19";"Blood Culture Bottle (adult)";"228";"BHI A190321-02";"2021-09-19"
"2021-03-22";"Mannitol Salt Agar";"150";"MSA220321-01";"2021-05-22"
"2021-03-22";"Blood Agar";"310";"BAP220321-01";"2021-05-22"
"2021-03-23";"Chocolate Agar";"330";"CHOC230321-01";"2021-05-23"
"2021-03-23";"Blood Agar";"300";"BAP230321-01";"2021-05-23"
"2021-03-23";"Blood Agar";"320";"BAP230321-02";"2021-05-23"
"2021-03-24";"Mueller Hinton II Agar ";"340";"MHII240321-01";"2021-05-24"
"2021-03-24";"Blood Agar";"310";"BAP240321-01";"2021-05-24"
"2021-03-24";"Chocolate Agar";"340";"CHOC240321-01";"2021-05-24"
"2021-03-25";"Mueller Hinton II Agar ";"360";"MHII250321-01";"2021-05-25"
"2021-03-25";"MacConkey Agar";"390";"MAC250321-01";"2021-05-25"
"2021-03-25";"Urea Agar";"280";"URE250321-01";"2021-09-25"
"2021-03-26";"Blood Culture Bottle (adult)";"223";"BHI A260321-01";"2021-09-26"
"2021-03-29";"Trypticase Soy Agar ";"146";"TSA290321-01";"2021-09-29"
"2021-03-30";"Blood Culture Bottle (child)";"450";"BHI P300321-01";"2021-09-30"
"2021-03-31";"Kligler Iron Agar";"360";"KIA310321-01";"2021-10-01"
"2021-03-31";"Blood Agar";"320";"BAP310321-01";"2021-05-31"
"2021-04-01";"Lysine Iron Agar";"320";"LIA010421-01";"2021-10-01"
"2021-04-01";"Sheep Blood Mueller-Hinton Agar";"120";"SMH010421-01";"2021-06-01"
"2021-04-01";"Chocolate Agar";"330";"CHOC010421-01";"2021-06-01"
"2021-04-02";"Blood Culture Bottle (adult)";"225";"BHI A020421-01";"2021-10-02"
"2021-04-02";"Blood Culture Bottle (adult)";"226";"BHI A020421-02";"2021-10-02"
"2021-04-05";"Blood Agar";"230";"BAP050421-01";"2021-06-05"
"2021-04-05";"Mueller Hinton II Agar ";"350";"MHII050421-01";"2021-06-05"
"2021-04-06";"MacConkey Agar";"400";"MAC060421-01";"2021-06-06"
"2021-04-06";"Ashdown's Agar";"140";"ASHA060421-01";"2021-06-06"
"2021-04-07";"Sheep Blood Mueller-Hinton Agar";"130";"SMH070421-01";"2021-06-07"
"2021-04-07";"Mannitol Salt Agar";"160";"MSA070421-01";"2021-06-07"
"2021-04-08";"Chocolate Agar";"320";"CHOC080421-01";"2021-06-08"
"2021-04-08";"Mueller Hinton II Agar ";"310";"MHII080421-01";"2021-06-08"
"2021-04-08";"Thiosulfate Citrate Bile Salts Sucrose Agar ";"60";"TCBS080421-01";"2021-06-08"
"2021-04-08";"Hektoen Enteric Agar";"50";"HE080421-01";"2021-06-08"
"2021-04-09";"Blood Culture Bottle (child)";"448";"BHI P090421-01";"2021-10-09"
"2021-04-19";"Chocolate Agar";"330";"CHOC190421-01";"2021-06-19"
"2021-04-20";"Blood Agar";"320";"BAP200421-01";"2021-06-20"
"2021-04-20";"Kligler Iron Agar";"310";"KIA200421-01";"2021-10-20"
"2021-04-21";"Mueller Hinton II Agar ";"350";"MHII210421-01";"2021-06-21"
"2021-04-22";"MacConkey Agar";"400";"MAC220421-01";"2021-06-22"
"2021-04-23";"Blood Culture Bottle (adult)";"222";"BHI A230421-01";"2021-10-23"
"2021-04-27";"Blood Agar";"320";"BAP270421-01";"2021-06-27"
"2021-04-27";"Blood Agar";"240";"BAP270421-02";"2021-06-27"
"2021-04-28";"Chocolate Agar";"330";"CHOC280421-01";"2021-06-28"
"2021-04-29";"Trypticase Soy Agar ";"150";"TSA290421-01";"2021-10-29"
"2021-05-03";"Trypticase Soy Broth + 20% glycerol";"380";"TSBG030521-01";"2021-11-03"
"2021-05-04";"Mueller Hinton II Agar ";"350";"MHII040521-01";"2021-07-04"
"2021-05-05";"MacConkey Agar";"410";"MAC050521-01";"2021-07-05"
"2021-05-06";"Hektoen Enteric Agar";"60";"HE060521-01";"2021-07-06"
"2021-05-06";"Thiosulfate Citrate Bile Salts Sucrose Agar ";"60";"TCBS060521-01";"2021-07-06"
"2021-05-06";"Mannitol Salt Agar";"150";"MSA060521-01";"2021-07-06"
"2021-05-07";"Blood Culture Bottle (adult)";"231";"BHI A070521-01";"2021-11-07"
"2021-05-10";"Mueller Hinton II Agar ";"360";"MHII100521-01";"2021-07-10"
"2021-05-11";"Blood Agar";"270";"BAP110521-01";"2021-07-11"
"2021-05-11";"Chocolate Agar";"330";"CHOC110521-01";"2021-07-11"
"2021-05-18";"Sheep Blood Mueller-Hinton Agar";"120";"SMH180521-01";"2021-07-18"
"2021-05-18";"Blood Agar";"310";"BAP180521-01";"2021-07-18"
"2021-05-19";"Chocolate Agar";"330";"CHOC190521-01";"2021-07-19"
"2021-05-19";"Simmons Citrate Agar ";"440";"CIT190521-01";"2021-11-19"
"2021-05-20";"Sulfide Indole Motility Medium";"440";"SIM200521-01";"2021-11-20"
"2021-05-20";"Cystine Lactose Electrolyte Deficient Agar";"90";"CLED200521-01";"2021-07-20"
"2021-05-20";"Mannitol Salt Agar";"160";"MSA200521-01";"2021-07-20"
"2021-05-21";"Blood Culture Bottle (child)";"439";"BHI P210521-01";"2021-11-21"
"2021-05-21";"Hektoen Enteric Agar";"50";"HE210521-01";"2021-07-21"
"2021-05-21";"Cystine Lactose Electrolyte Deficient Agar";"50";"CLED210521-01";"2021-07-21"
"2021-05-24";"Urea Agar";"280";"URE240521-01";"2021-11-24"
"2021-05-24";"Mueller Hinton II Agar ";"360";"MHII240521-01";"2021-07-24"
"2021-05-25";"Blood Agar";"320";"BAP250521-01";"2021-07-25"
"2021-05-25";"Chocolate Agar";"310";"CHOC250521-01";"2021-07-25"
"2021-05-25";"Lysine Iron Agar";"320";"LIA250521-01";"2021-11-25"
"2021-05-25";"Ashdown's Agar";"150";"ASHA250521-01";"2021-07-25"
"2021-05-26";"Chocolate Agar";"320";"CHOC260521-01";"2021-07-26"
"2021-05-26";"Mueller Hinton II Agar ";"360";"MHII260521-01";"2021-07-26"
"2021-05-27";"Blood Agar";"370";"BAP270521-01";"2021-07-27"
"2021-05-27";"MacConkey Agar";"400";"MAC270521-01";"2021-07-27"
"2021-05-28";"Blood Culture Bottle (adult)";"230";"BHI A280521-01";"2021-11-28"
"2021-05-28";"Blood Culture Bottle (adult)";"230";"BHI A280521-02";"2021-11-28"
"2021-05-31";"Hektoen Enteric Agar";"170";"HE310521-01";"2021-07-31"
"2021-05-31";"Mannitol Salt Agar";"150";"MSA310521-01";"2021-07-31"
"2021-06-01";"Blood Agar";"320";"BAP010621-01";"2021-08-01"
"2021-06-01";"MacConkey Agar";"380";"MAC010621-01";"2021-08-01"
"2021-06-02";"Trypticase Soy Agar ";"140";"TSA020621-01";"2021-12-02"
"2021-06-02";"Hektoen Enteric Agar";"160";"HE020621-01";"2021-08-02"
"2021-06-03";"Trypticase Soy Broth ";"180";"TSB030621-01";"2025-03-03"
"2021-06-03";"MacConkey Agar";"400";"MAC030621-01";"2021-08-03"
"2021-06-04";"Blood Culture Bottle (adult)";"225";"BHI A040621-01";"2021-12-04"
"2021-06-04";"Blood Culture Bottle (adult)";"227";"BHI A040621-02";"2021-12-04"
"2021-06-07";"Blood Agar";"320";"BAP070621-01";"2021-08-07"
"2021-06-08";"MacConkey Agar";"410";"MAC080621-01";"2021-08-08"
"2021-06-10";"Sheep Blood Mueller-Hinton Agar";"140";"SMH100621-01";"2021-08-10"
"2021-06-10";"Ashdown's Agar";"150";"ASHA100621-01";"2021-08-10"
"2021-06-11";"Blood Culture Bottle (child)";"454";"BHI P110621-01";"2021-12-11"
"2021-06-11";"Kligler Iron Agar";"140";"KIA110621-01";"2021-12-11"
"2021-06-15";"Chocolate Agar";"320";"CHOC150621-01";"2021-08-15"
"2021-06-22";"Chocolate Agar";"320";"CHOC220621-01";"2021-08-22"
"2021-06-22";"Thiosulfate Citrate Bile Salts Sucrose Agar ";"30";"TCBS220621-01";"2021-08-22"
"2021-06-23";"Blood Agar";"270";"BAP230621-01";"2021-08-23"
"2021-06-24";"Mueller Hinton II Agar ";"360";"MHII240621-01";"2021-08-24"
"2021-06-25";"Blood Culture Bottle (adult)";"229";"BHI A250621-01";"2021-12-25"
"2021-06-28";"Modified Thayer-Martin Agar ";"50";"MTM280621-01";"2021-08-28"
"2021-06-28";"GC agar +1% growth supplement";"140";"GCA280621-01";"2021-08-28"
"2021-06-29";"Blood Agar";"310";"BAP290621-01";"2021-08-29"
"2021-06-30";"Chocolate Agar";"330";"CHOC300621-01";"2021-08-30"
"2021-07-05";"Mannitol Salt Agar";"150";"MSA050721-01";"2021-09-05"
"2021-07-06";"Blood Agar";"330";"BAP060721-01";"2021-09-06"
"2021-07-07";"Mueller Hinton II Agar ";"370";"MHII070721-01";"2021-09-07"
"2021-07-08";"Blood Agar";"240";"BAP080721-01";"2021-09-08"
"2021-07-12";"Simmons Citrate Agar ";"440";"CIT120721-01";"2022-01-12"
"2021-07-13";"Urea Agar";"290";"URE130721-01";"2022-01-13"
"2021-07-13";"Thiosulfate Citrate Bile Salts Sucrose Agar ";"85";"TCBS130721-01";"2021-09-13"
"2021-07-14";"Hektoen Enteric Agar";"80";"HE140721-01";"2021-09-14"
"2021-07-15";"Ashdown's Agar";"150";"ASHA150721-01";"2021-09-15"
"2021-07-15";"Chocolate Agar";"340";"CHOC150721-01";"2021-09-15"
"2021-07-16";"Blood Culture Bottle (child)";"455";"BHI P160721-01";"2022-01-16"
"2021-07-19";"Mannitol Salt Agar";"150";"MSA190721-01";"2021-09-19"
"2021-07-19";"Cystine Lactose Electrolyte Deficient Agar";"50";"CLED190721-01";"2021-09-19"
"2021-07-20";"Chocolate Agar";"330";"CHOC200721-01";"2021-09-20"
"2021-07-20";"Mueller Hinton II Agar ";"360";"MHII200721-01";"2021-09-20"
"2021-07-21";"Blood Agar";"320";"BAP210721-01";"2021-09-21"
"2021-07-21";"Sulfide Indole Motility Medium";"440";"SIM210721-01";"2022-01-21"
"2021-07-22";"Lysine Iron Agar";"340";"LIA220721-01";"2022-01-22"
"2021-07-22";"MacConkey Agar";"400";"MAC220721-01";"2021-09-22"
"2021-07-23";"Blood Culture Bottle (adult)";"228";"BHI A230721-01";"2022-01-23"
"2021-07-28";"MacConkey Agar";"410";"MAC280721-01";"2021-09-28"
"2021-08-03";"Mueller Hinton II Agar ";"350";"MHII030821-01";"2021-10-03"
"2021-08-03";"Cystine Lactose Electrolyte Deficient Agar";"70";"CLED030821-01";"2021-10-03"
"2021-08-04";"Sheep Blood Mueller-Hinton Agar";"120";"SMH040821-01";"2021-10-04"
"2021-08-04";"Trypticase Soy Broth + 20% glycerol";"180";"TSBG040821-01";"2022-02-04"
"2021-08-04";"Thiosulfate Citrate Bile Salts Sucrose Agar ";"80";"TCBS040821-01";"2021-10-04"
"2021-08-05";"Blood Agar";"230";"BAP050821-01";"2021-10-05"
"2021-08-05";"Chocolate Agar";"330";"CHOC050821-01";"2021-10-05"
"2021-08-06";"Blood Culture Bottle (adult)";"228";"BHI A060821-01";"2022-02-06"
"2021-08-09";"Mannitol Salt Agar";"150";"MSA090821-01";"2021-10-09"
"2021-08-09";"Kligler Iron Agar";"350";"KIA090821-01";"2022-02-09"
"2021-08-09";"Hektoen Enteric Agar";"80";"HE090821-01";"2021-10-09"
"2021-08-10";"Mueller Hinton II Agar ";"340";"MHII100821-01";"2021-10-10"
"2021-08-10";"Urea Agar";"280";"URE100821-01";"2022-02-10"
"2021-08-11";"Blood Agar";"310";"BAP110821-01";"2021-10-11"
"2021-08-11";"Chocolate Agar";"300";"CHOC110821-01";"2021-10-11"
"2021-08-12";"Trypticase Soy Broth + 20% glycerol";"180";"TSBG120821-01";"2022-02-12"
"2021-08-12";"Blood Agar";"320";"BAP120821-01";"2021-10-12"
"2021-08-13";"Blood Culture Bottle (adult)";"227";"BHI A130821-01";"2022-02-13"
"2021-08-16";"Blood Agar";"220";"BAP160821-01";"2021-10-16"
"2021-08-16";"Sulfide Indole Motility Medium";"430";"SIM160821-01";"2022-02-16"
"2021-08-17";"Chocolate Agar";"330";"CHOC170821-01";"2021-10-17"
"2021-08-17";"Mueller Hinton II Agar ";"350";"MHII170821-01";"2021-10-17"
"2021-08-18";"Ashdown's Agar";"140";"ASHA180821-01";"2021-10-18"
"2021-08-18";"Mannitol Salt Agar";"150";"MSA180821-01";"2021-10-18"
"2021-08-19";"Blood Agar";"310";"BAP190821-01";"2021-10-19"
"2021-08-19";"Simmons Citrate Agar ";"390";"CIT190821-01";"2022-02-19"
"2021-08-23";"Mueller Hinton II Agar ";"350";"MHII230821-01";"2021-10-23"
"2021-08-26";"Mueller Hinton II Agar ";"330";"MHII260821-01";"2021-10-26"
"2021-08-27";"Blood Culture Bottle (child)";"495";"BHI P270821-01";"2022-02-27"
"2021-08-30";"Lysine Iron Agar";"340";"LIA300821-01";"2022-03-02"
"2021-08-30";"Mueller Hinton II Agar ";"350";"MHII300821-01";"2021-10-30"
"2021-08-31";"Blood Agar";"320";"BAP310821-01";"2021-10-31"
"2021-08-31";"Thiosulfate Citrate Bile Salts Sucrose Agar ";"80";"TCBS310821-01";"2021-10-31"
"2021-09-01";"Sheep Blood Mueller-Hinton Agar";"120";"SMH010921-01";"2021-11-01"
"2021-09-02";"Trypticase Soy Broth + 20% glycerol";"180";"TSBG020921-01";"2022-03-02"
"2021-09-02";"Mannitol Salt Agar";"220";"MSA020921-01";"2021-11-02"
"2021-09-03";"Blood Culture Bottle (adult)";"223";"BHI A030921-01";"2022-03-03"
"2021-09-06";"Urea Agar";"280";"URE060921-01";"2022-03-06"
"2021-09-06";"Blood Agar";"350";"BAP060921-01";"2021-11-06"
"2021-09-07";"Chocolate Agar";"330";"CHOC070921-01";"2021-11-07"
"2021-09-08";"MacConkey Agar";"380";"MAC080921-01";"2021-11-08"
"2021-09-09";"Chocolate Agar";"330";"CHOC090921-01";"2021-11-09"
"2021-09-10";"Blood Culture Bottle (adult)";"225";"BHI A100921-01";"2022-03-10"
"2021-09-13";"Hektoen Enteric Agar";"80";"HE130921-01";"2021-11-13"
"2021-09-14";"Blood Agar";"300";"BAP140921-01";"2021-11-14"
"2021-09-14";"Chocolate Agar";"330";"CHOC140921-01";"2021-11-14"
"2021-09-15";"Chocolate Agar";"300";"CHOC150921-01";"2021-11-15"
"2021-09-15";"Mueller Hinton II Agar ";"350";"MHII150921-01";"2021-11-15"
"2021-09-16";"Cystine Lactose Electrolyte Deficient Agar";"30";"CLED160921-01";"2021-11-16"
"2021-09-16";"Kligler Iron Agar";"350";"KIA160921-01";"2022-03-16"
"2021-09-16";"MacConkey Agar";"390";"MAC160921-01";"2021-11-16"
"2021-09-17";"Blood Culture Bottle (adult)";"225";"BHI A170921-01";"2022-03-17"
"2021-09-17";"Blood Culture Bottle (adult)";"230";"BHI A170921-02";"2022-03-17"
"2021-09-20";"Blood Agar";"270";"BAP200921-01";"2021-11-20"
"2021-09-20";"Lysine Iron Agar";"340";"LIA200921-01";"2022-03-20"
"2021-09-21";"Sheep Blood Mueller-Hinton Agar";"140";"SMH210921-01";"2021-11-21"
"2021-09-21";"Mueller Hinton II Agar ";"350";"MHII210921-01";"2021-11-21"
"2021-09-22";"Simmons Citrate Agar ";"410";"CIT220921-01";"2022-03-22"
"2021-09-22";"Ashdown's Agar";"160";"ASHA220921-01";"2021-11-22"
"2021-09-23";"Blood Culture Bottle (adult)";"226";"BHI A230921-01";"2022-03-23"
"2021-09-27";"MacConkey Agar";"400";"MAC270921-01";"2021-11-27"
"2021-09-28";"Mannitol Salt Agar";"190";"MSA280921-01";"2021-11-28"
"2021-09-28";"Blood Agar";"140";"BAP280921-01";"2021-11-28"
"2021-09-29";"Mueller Hinton II Agar ";"350";"MHII290921-01";"2021-11-29"
"2021-09-29";"Sulfide Indole Motility Medium";"450";"SIM290921-01";"2022-03-29"
"2021-09-29";"Cystine Lactose Electrolyte Deficient Agar";"70";"CLED290921-01";"2021-11-29"
"2021-09-30";"Blood Culture Bottle (child)";"458";"BHI P300921-01";"2022-03-30"
"2021-09-30";"Mueller Hinton II Agar ";"390";"MHII300921-01";"2021-11-30"
"2021-10-04";"Blood Culture Bottle (adult)";"230";"BHI A041021-01";"2022-04-04"
"2021-10-11";"Chocolate Agar";"330";"CHOC111021-01";"2021-12-11"
"2021-10-11";"MacConkey Agar";"400";"MAC111021-01";"2021-12-11"
"2021-10-12";"Blood Agar";"320";"BAP121021-01";"2021-12-12"
"2021-10-12";"Blood Agar";"320";"BAP121021-02";"2021-12-12"
"2021-10-13";"Chocolate Agar";"320";"CHOC131021-01";"2021-12-13"
"2021-10-13";"Blood Agar";"220";"BAP131021-01";"2021-12-13"
"2021-10-14";"Blood Culture Bottle (adult)";"230";"BHI A141021-01";"2022-04-14"
"2021-10-14";"Blood Culture Bottle (adult)";"222";"BHI A141021-02";"2022-04-14"
"2021-10-18";"Chocolate Agar";"320";"CHOC181021-01";"2021-12-18"
"2021-10-18";"Trypticase Soy Broth + 20% glycerol";"180";"TSBG181021-01";"2022-04-18"
"2021-10-18";"Thiosulfate Citrate Bile Salts Sucrose Agar ";"120";"TCBS181021-01";"2021-12-18"
"2021-10-19";"Blood Agar";"320";"BAP191021-01";"2021-12-19"
"2021-10-19";"Blood Agar";"310";"BAP191021-02";"2021-12-19"
"2021-10-19";"Hektoen Enteric Agar";"160";"HE191021-01";"2021-12-19"
"2021-10-19";"Urea Agar";"270";"URE191021-01";"2022-04-19"
"2021-10-20";"Blood Agar";"250";"BAP201021-01";"2021-12-20"
"2021-10-20";"GC agar +1% growth supplement";"140";"GCA201021-01";"2021-12-20"
"2021-10-21";"Chocolate Agar";"320";"CHOC211021-01";"2021-12-21"
"2021-10-21";"Mueller Hinton II Agar ";"350";"MHII211021-01";"2021-12-21"
"2021-10-21";"Modified Thayer-Martin Agar ";"50";"MTM211021-01";"2021-12-21"
"2021-10-22";"Blood Culture Bottle (adult)";"228";"BHI A221021-01";"2022-04-22"
"2021-10-25";"Kligler Iron Agar";"360";"KIA251021-01";"2022-04-25"
"2021-10-25";"Chocolate Agar";"300";"CHOC251021-01";"2021-12-25"
"2021-10-26";"Blood Agar";"360";"BAP261021-01";"2021-12-26"
"2021-10-26";"Blood Agar";"370";"BAP261021-02";"2021-12-26"
"2021-10-26";"Lysine Iron Agar";"340";"LIA261021-01";"2022-04-26"
"2021-10-27";"Sheep Blood Mueller-Hinton Agar";"150";"SMH271021-01";"2021-12-27"
"2021-10-27";"Mueller Hinton II Agar ";"360";"MHII271021-01";"2021-12-27"
"2021-10-27";"Mannitol Salt Agar";"180";"MSA271021-01";"2021-12-27"
"2021-10-28";"Blood Culture Bottle (adult)";"231";"BHI A281021-01";"2022-04-28"
"2021-10-28";"Blood Culture Bottle (adult)";"227";"BHI A281021-02";"2022-04-28"
"2021-11-01";"Ashdown's Agar";"140";"ASHA011121-01";"2022-01-01"
"2021-11-01";"Chocolate Agar";"330";"CHOC011121-01";"2022-01-01"
"2021-11-01";"Trypticase Soy Broth ";"180";"TSB011121-01";"2022-05-01"
"2021-11-02";"Blood Agar";"310";"BAP021121-01";"2022-01-02"
"2021-11-02";"MacConkey Agar";"400";"MAC021121-01";"2022-01-02"
"2021-11-02";"Thiosulfate Citrate Bile Salts Sucrose Agar ";"170";"TCBS021121-01";"2022-01-02"
"2021-11-02";"Simmons Citrate Agar ";"460";"CIT021121-01";"2022-05-02"
"2021-11-03";"Chocolate Agar";"330";"CHOC031121-01";"2022-01-03"
"2021-11-03";"Mueller Hinton II Agar ";"440";"MHII031121-01";"2022-01-03"
"2021-11-03";"Trypticase Soy Broth + 20% glycerol";"480";"TSBG031121-01";"2022-05-03"
"2021-11-04";"Mannitol Salt Agar";"180";"MSA041121-01";"2022-01-04"
"2021-11-04";"Urea Agar";"270";"URE041121-01";"2022-05-04"
"2021-11-05";"Blood Culture Bottle (child)";"450";"BHI P051121-01";"2022-05-05"
"2021-11-08";"Blood Culture Bottle (adult)";"228";"BHI A081121-01";"2022-05-08"
"2021-11-08";"Cystine Lactose Electrolyte Deficient Agar";"80";"CLED081121-01";"2022-01-08"
"2021-11-10";"Kligler Iron Agar";"340";"KIA101121-01";"2022-05-10"
"2021-11-10";"Blood Agar";"310";"BAP101121-01";"2022-01-10"
"2021-11-11";"Sulfide Indole Motility Medium";"410";"SIM111121-01";"2022-05-11"
"2021-11-11";"Blood Agar";"320";"BAP111121-01";"2022-01-11"
"2021-11-11";"Mueller Hinton II Agar ";"350";"MHII111121-01";"2022-01-11"
"2021-11-12";"Blood Culture Bottle (adult)";"223";"BHI A121121-01";"2022-05-12"
"2021-11-15";"Blood Agar";"230";"BAP151121-01";"2022-01-15"
"2021-11-15";"Ashdown's Agar";"140";"ASHA151121-01";"2022-01-15"
"2021-11-16";"MacConkey Agar";"400";"MAC161121-01";"2022-01-16"
"2021-11-17";"Blood Culture Bottle (adult)";"225";"BHI A171121-01";"2022-05-17"
"2021-11-22";"Blood Agar";"230";"BAP221121-01";"2022-01-22"
"2021-11-23";"Chocolate Agar";"330";"CHOC231121-01";"2022-01-23"
"2021-11-23";"Mueller Hinton II Agar ";"330";"MHII231121-01";"2022-01-23"
"2021-11-23";"Lysine Iron Agar";"330";"LIA231121-01";"2022-05-23"
"2021-11-23";"Mannitol Salt Agar";"180";"MSA231121-01";"2022-01-23"
"2021-11-24";"Mueller Hinton II Agar ";"360";"MHII241121-01";"2022-01-24"
"2021-11-24";"Simmons Citrate Agar ";"420";"CIT241121-01";"2022-05-24"
"2021-11-24";"Chocolate Agar";"320";"CHOC241121-01";"2022-01-24"
"2021-11-25";"MacConkey Agar";"400";"MAC251121-01";"2022-01-25"
"2021-11-25";"Kligler Iron Agar";"340";"KIA251121-01";"2022-05-25"
"2021-11-26";"Blood Culture Bottle (child)";"450";"BHI P261121-01";"2022-05-26"
"2021-11-29";"GC agar +1% growth supplement";"70";"GCA291121-01";"2022-01-29"
"2021-11-29";"Cystine Lactose Electrolyte Deficient Agar";"70";"CLED291121-01";"2022-01-29"
"2021-11-29";"Trypticase Soy Agar ";"175";"TSA291121-01";"2022-05-29"
"2021-11-29";"Modified Thayer-Martin Agar ";"80";"MTM291121-01";"2022-01-29"
"2021-11-30";"Chocolate Agar";"300";"CHOC301121-01";"2022-01-30"
"2021-12-01";"Mueller Hinton II Agar ";"350";"MHII011221-02";"2022-02-01"
"2021-12-01";"Urea Agar";"290";"URE011221-01";"2022-06-01"
"2021-12-01";"Blood Agar";"320";"BAP011221-01";"2022-02-01"
"2021-12-02";"Blood Agar";"290";"BAP021221-01";"2022-02-02"
"2021-12-02";"Ashdown's Agar";"140";"ASHA021221-01";"2022-02-02"
"2021-12-02";"MacConkey Agar";"370";"MAC021221-01";"2022-02-02"
"2021-12-03";"Blood Culture Bottle (adult)";"226";"BHI A031221-01";"2022-06-03"
"2021-12-06";"Mannitol Salt Agar";"180";"MSA061221-01";"2022-02-06"
"2021-12-06";"Sulfide Indole Motility Medium";"470";"SIM061221-01";"2022-06-06"
"2021-12-06";"Thiosulfate Citrate Bile Salts Sucrose Agar ";"80";"TCBS061221-01";"2022-02-06"
"2021-12-06";"Hektoen Enteric Agar";"50";"HE061221-01";"2022-02-06"
"2021-12-07";"Blood Agar";"330";"BAP071221-01";"2022-02-07"
"2021-12-07";"Blood Agar";"360";"BAP071221-02";"2022-02-07"
"2021-12-07";"Sheep Blood Mueller-Hinton Agar";"130";"SMH071221-01";"2022-02-07"
"2021-12-08";"Chocolate Agar";"320";"CHOC081221-01";"2022-02-08"
"2021-12-08";"Mueller Hinton II Agar ";"350";"MHII081221-01";"2022-02-08"
"2021-12-08";"Lysine Iron Agar";"340";"LIA081221-01";"2022-06-08"
"2021-12-09";"MacConkey Agar";"390";"MAC091221-01";"2022-02-09"
"2021-12-09";"Kligler Iron Agar";"350";"KIA091221-01";"2022-06-09"
"2021-12-09";"Ashdown's Agar";"140";"ASHA091221-02";"2022-02-09"
"2021-12-10";"Blood Culture Bottle (adult)";"228";"BHI A101221-01";"2022-06-10"
"2021-12-10";"Blood Culture Bottle (adult)";"227";"BHI A101221-02";"2022-06-10"
"2021-12-13";"Chocolate Agar";"330";"CHOC131221-01";"2022-02-13"
"2021-12-13";"Mueller Hinton II Agar ";"350";"MHII131221-01";"2022-02-13"
"2021-12-14";"Blood Agar";"330";"BAP141221-01";"2022-02-14"
"2021-12-14";"Blood Agar";"310";"BAP141221-02";"2022-02-14"
"2021-12-14";"GC agar +1% growth supplement";"60";"GCA141221-02";"2022-02-14"
"2021-12-15";"Blood Agar";"250";"BAP151221-01";"2022-02-15"
"2021-12-15";"Mannitol Salt Agar";"180";"MSA151221-01";"2022-02-15"
"2021-12-15";"MacConkey Agar";"390";"MAC151221-01";"2022-02-15"
"2021-12-16";"Chocolate Agar";"320";"CHOC161221-01";"2022-02-16"
"2021-12-16";"Mueller Hinton II Agar ";"340";"MHII161221-01";"2022-02-16"
"2021-12-17";"Blood Culture Bottle (child)";"428";"BHI P171221-01";"2022-06-17"
"2021-12-20";"Trypticase Soy Broth + 20% glycerol";"450";"TSBG201221-01";"2022-06-20"
"2021-12-20";"Trypticase Soy Agar ";"150";"TSA201221-01";"2022-06-20"
"2021-12-20";"Ashdown's Broth";"70";"ASHB201221-01";"2022-06-20"
"2021-12-20";"Lysine Iron Agar";"340";"LIA201221-01";"2022-06-20"
"2021-12-21";"Blood Agar";"320";"BAP211221-01";"2022-02-21"
"2021-12-21";"Blood Agar";"310";"BAP211221-02";"2022-02-21"
"2021-12-22";"Chocolate Agar";"330";"CHOC221221-01";"2022-02-22"
"2021-12-22";"Hektoen Enteric Agar";"50";"HE221221-01";"2022-02-22"
"2021-12-22";"MacConkey Agar";"400";"MAC221221-01";"2022-02-22"
"2021-12-23";"Urea Agar";"250";"URE231221-01";"2022-06-23"
"2021-12-23";"Chocolate Agar";"330";"CHOC231221-01";"2022-02-23"
"2021-12-23";"Thiosulfate Citrate Bile Salts Sucrose Agar ";"70";"TCBS231221-01";"2022-02-23"
"2021-12-24";"Blood Culture Bottle (adult)";"217";"BHI A241221-01";"2022-06-24"
"2021-12-24";"Blood Culture Bottle (adult)";"228";"BHI A241221-02";"2022-06-24"
"2021-12-27";"Sheep Blood Mueller-Hinton Agar";"200";"SMH271221-01";"2022-02-27"
"2021-12-27";"Cystine Lactose Electrolyte Deficient Agar";"60";"CLED271221-01";"2022-02-27"
"2021-12-27";"Modified Thayer-Martin Agar ";"80";"MTM271221-01";"2022-02-27"
"2021-12-28";"MacConkey Agar";"390";"MAC281221-01";"2022-02-28"
"2021-12-28";"GC agar +1% growth supplement";"60";"GCA281221-01";"2022-02-28"
"2021-12-28";"Chocolate Agar";"330";"CHOC281221-01";"2022-02-28"
"2021-12-29";"Mueller Hinton II Agar ";"350";"MHII291221-01";"2022-03-01"
"2021-12-29";"Kligler Iron Agar";"340";"KIA291221-01";"2022-06-29"
"2021-12-29";"Ashdown's Agar";"180";"ASHA291221-01";"2022-03-01"
"2021-12-29";"Trypticase Soy Broth ";"185";"TSB291221-01";"2022-06-29"
"2021-12-30";"Blood Agar";"320";"BAP301221-01";"2022-03-02"
"2021-12-30";"Mannitol Salt Agar";"180";"MSA301221-01";"2022-03-02"
"2021-12-31";"Blood Culture Bottle (adult)";"223";"BHI A311221-01";"2022-07-01"
"2022-01-03";"Blood Agar";"320";"BAP030122-01";"2022-03-03"
"2022-01-04";"Chocolate Agar";"340";"CHOC040122-01";"2022-03-04"
"2022-01-04";"MacConkey Agar";"400";"MAC040122-01";"2022-03-04"
"2022-01-05";"Mueller Hinton II Agar ";"360";"MHII050122-01";"2022-03-05"
"2022-01-06";"Blood Culture Bottle (adult)";"229";"BHI A060122-01";"2022-07-06"
"2022-01-10";"Hektoen Enteric Agar";"80";"HE100122-01";"2022-03-10"
"2022-01-10";"Simmons Citrate Agar ";"450";"CIT100122-01";"2022-07-10"
"2022-01-11";"Chocolate Agar";"330";"CHOC110122-01";"2022-03-11"
"2022-01-11";"Mannitol Salt Agar";"180";"MSA110122-01";"2022-03-11"
"2022-01-12";"Urea Agar";"300";"URE120122-01";"2022-07-12"
"2022-01-12";"Mueller Hinton II Agar ";"360";"MHII120122-01";"2022-03-12"
"2022-01-13";"Mueller Hinton II Agar ";"360";"MHII130122-01";"2022-03-13"
"2022-01-13";"Lysine Iron Agar";"340";"LIA130122-01";"2022-07-13"
"2022-01-14";"Blood Culture Bottle (adult)";"222";"BHI A140122-01";"2022-07-14"
"2022-01-17";"Kligler Iron Agar";"340";"KIA170122-01";"2022-07-17"
"2022-01-17";"Blood Agar";"330";"BAP170122-01";"2022-03-17"
"2022-01-17";"Blood Agar";"310";"BAP170122-02";"2022-03-17"
"2022-01-18";"Sheep Blood Mueller-Hinton Agar";"120";"SMH180122-01";"2022-03-18"
"2022-01-18";"Chocolate Agar";"330";"CHOC180122-01";"2022-03-18"
"2022-01-18";"MacConkey Agar";"400";"MAC180122-01";"2022-03-18"
"2022-01-19";"Mueller Hinton II Agar ";"360";"MHII190122-01";"2022-03-19"
"2022-01-19";"Sulfide Indole Motility Medium";"460";"SIM190122-01";"2022-07-19"
"2022-01-21";"Blood Culture Bottle (adult)";"227";"BHI A210122-01";"2022-07-21"
"2022-01-24";"Blood Culture Bottle (child)";"454";"BHI P240122-01";"2022-07-24"
"2022-01-24";"Thiosulfate Citrate Bile Salts Sucrose Agar ";"80";"TCBS240122-01";"2022-03-24"
"2022-01-25";"Blood Agar";"310";"BAP250122-01";"2022-03-25"
"2022-01-25";"Blood Agar";"330";"BAP250122-02";"2022-03-25"
"2022-01-26";"Mueller Hinton II Agar ";"360";"MHII260122-01";"2022-03-26"
"2022-01-26";"Chocolate Agar";"350";"CHOC260122-01";"2022-03-26"
"2022-01-27";"Ashdown's Agar";"150";"ASHA270122-01";"2022-03-27"
"2022-01-27";"Urea Agar";"280";"URE270122-01";"2022-07-27"
"2022-01-28";"Blood Culture Bottle (adult)";"223";"BHI A280122-01";"2022-07-28"
"2022-01-31";"Cystine Lactose Electrolyte Deficient Agar";"70";"CLED310122-01";"2022-03-31"
"2022-01-31";"Ashdown's Agar";"150";"ASHA310122-01";"2022-03-31"
"2022-02-01";"Blood Agar";"280";"BAP010222-01";"2022-04-01"
"2022-02-01";"MacConkey Agar";"400";"MAC010222-01";"2022-04-01"
"2022-02-02";"Mueller Hinton II Agar ";"350";"MHII020222-01";"2022-04-02"
"2022-02-02";"Chocolate Agar";"340";"CHOC020222-01";"2022-04-02"
"2022-02-03";"Blood Agar";"310";"BAP030222-01";"2022-04-03"
"2022-02-04";"Blood Culture Bottle (adult)";"222";"BHI A040222-01";"2022-08-04"
"2022-02-04";"Blood Culture Bottle (adult)";"232";"BHI A040222-02";"2022-08-04"
"2022-02-07";"MacConkey Agar";"400";"MAC070222-01";"2022-04-07"
"2022-02-07";"Blood Agar";"300";"BAP070222-01";"2022-04-07"
"2022-02-08";"Mannitol Salt Agar";"220";"MSA080222-01";"2022-04-08"
"2022-02-08";"Chocolate Agar";"340";"CHOC080222-01";"2022-04-08"
"2022-02-09";"Blood Culture Bottle (child)";"465";"BHI P090222-01";"2022-08-09"
"2022-02-09";"Mueller Hinton II Agar ";"370";"MHII090222-01";"2022-04-09"
"2022-02-10";"Blood Agar";"250";"BAP100222-01";"2022-04-10"
"2022-02-10";"Blood Agar";"320";"BAP100222-02";"2022-04-10"
"2022-02-11";"Blood Culture Bottle (adult)";"231";"BHI A110222-01";"2022-08-11"
"2022-02-11";"Blood Culture Bottle (adult)";"227";"BHI A110222-02";"2022-08-11"
"2022-02-14";"Sheep Blood Mueller-Hinton Agar";"130";"SMH140222-01";"2022-04-14"
"2022-02-14";"Hektoen Enteric Agar";"80";"HE140222-01";"2022-04-14"
"2022-02-14";"Lysine Iron Agar";"330";"LIA140222-01";"2022-08-14"
"2022-02-15";"MacConkey Agar";"410";"MAC150222-01";"2022-04-15"
"2022-02-15";"Simmons Citrate Agar ";"470";"CIT150222-01";"2022-08-15"
"2022-02-16";"Chocolate Agar";"340";"CHOC160222-01";"2022-04-16"
"2022-02-16";"Blood Agar";"280";"BAP160222-01";"2022-04-16"
"2022-02-16";"Ashdown's Agar";"140";"ASHA160222-01";"2022-04-16"
"2022-02-17";"Blood Agar";"320";"BAP170222-01";"2022-04-17"
"2022-02-17";"MacConkey Agar";"400";"MAC170222-01";"2022-04-17"
"2022-02-18";"Blood Culture Bottle (adult)";"230";"BHI A180222-01";"2022-08-18"
"2022-02-17";"Ashdown's Broth";"100";"ASHB170222-01";"2022-08-17"
"2022-02-21";"Blood Agar";"320";"BAP210222-01";"2022-04-21"
"2022-02-22";"Kligler Iron Agar";"350";"KIA220222-01";"2022-08-22"
"2022-02-22";"Mueller Hinton II Agar ";"350";"MHII220222-01";"2022-04-22"
"2022-02-23";"Mannitol Salt Agar";"150";"MSA230222-01";"2022-04-23"
"2022-02-23";"Sulfide Indole Motility Medium";"480";"SIM230222-01";"2022-08-23"
"2022-02-24";"Blood Agar";"330";"BAP240222-01";"2022-04-24"
"2022-02-25";"Blood Culture Bottle (adult)";"224";"BHI A250222-01";"2022-08-25"
"2022-02-28";"Blood Agar";"320";"BAP280222-01";"2022-04-28"
"2022-02-28";"GC agar +1% growth supplement";"20";"GCA280222-01";"2022-04-28"
"2022-03-01";"MacConkey Agar";"400";"MAC010322-01";"2022-05-01"
"2022-03-01";"Chocolate Agar";"320";"CHOC010322-01";"2022-05-01"
"2022-02-15";"Amies Transport Media";"40";"AMI150222-01";"2022-08-15"
"2022-03-02";"Lysine Iron Agar";"350";"LIA020322-01";"2022-09-02"
"2022-03-02";"Mueller Hinton II Agar ";"360";"MHII020322-01";"2022-05-02"
"2022-03-02";"Mannitol Salt Agar";"150";"MSA020322-01";"2022-05-02"
"2022-03-03";"Mueller Hinton II Agar ";"350";"MHII030322-01";"2022-05-03"
"2022-03-03";"Hektoen Enteric Agar";"100";"HE030322-01";"2022-05-03"
"2022-03-03";"Urea Agar";"300";"URE030322-01";"2022-09-03"
"2022-03-04";"Blood Culture Bottle (adult)";"209";"BHI A040322-01";"2022-09-04"
"2022-03-07";"Blood Culture Bottle (adult)";"230";"BHI A070322-01";"2022-09-07"
"2022-03-07";"Amies Transport Media";"40";"AMI070322-01";"2022-09-07"
"2022-03-09";"Blood Agar";"320";"BAP090322-01";"2022-05-09"
"2022-03-09";"Thiosulfate Citrate Bile Salts Sucrose Agar ";"50";"TCBS090322-01";"2022-05-09"
"2022-03-09";"Amies Transport Media";"50";"AMI090322-01";"2022-09-09"
"2022-03-10";"Blood Agar";"310";"BAP100322-01";"2022-05-10"
"2022-03-10";"Chocolate Agar";"330";"CHOC100322-01";"2022-05-10"
"2022-03-10";"Sheep Blood Mueller-Hinton Agar";"130";"SMH100322-01";"2022-05-10"
"2022-03-11";"Blood Culture Bottle (adult)";"219";"BHI A110322-01";"2022-09-11"
"2022-03-14";"Ashdown's Agar";"330";"ASHA140322-01";"2022-05-14"
"2022-03-14";"Trypticase Soy Broth ";"200";"TSB140322-01";"2022-09-14"
"2022-03-14";"Amies Transport Media";"110";"AMI140322-01";"2022-09-14"
"2022-03-15";"MacConkey Agar";"400";"MAC150322-01";"2022-05-15"
"2022-03-15";"Chocolate Agar";"320";"CHOC150322-01";"2022-05-15"
"2022-03-16";"Blood Agar";"320";"BAP160322-01";"2022-05-16"
"2022-03-16";"Mueller Hinton II Agar ";"350";"MHII160322-01";"2022-05-16"
"2022-03-16";"GC agar +1% growth supplement";"70";"GCA160322-02";"2022-05-16"
"2022-03-16";"Modified Thayer-Martin Agar ";"70";"MTM160322-01";"2022-05-16"
"2022-03-17";"Chocolate Agar";"330";"CHOC170322-01";"2022-05-17"
"2022-03-17";"Blood Agar";"320";"BAP170322-01";"2022-05-17"
"2022-03-18";"Blood Culture Bottle (adult)";"226";"BHI A180322-01";"2022-09-18"
"2022-03-21";"Kligler Iron Agar";"340";"KIA210322-01";"2022-09-21"
"2022-03-21";"Trypticase Soy Broth + 20% glycerol";"475";"TSBG210322-01";"2022-09-21"
"2022-03-21";"Mannitol Salt Agar";"160";"MSA210322-01";"2022-05-21"
"2022-03-22";"Blood Culture Bottle (child)";"455";"BHI P220322-01";"2022-09-22"
"2022-03-22";"Blood Agar";"310";"BAP220322-01";"2022-05-22"
"2022-03-22";"MacConkey Agar";"410";"MAC220322-01";"2022-05-22"
"2022-03-23";"Blood Agar";"320";"BAP230322-01";"2022-05-23"
"2022-03-23";"Lysine Iron Agar";"370";"LIA230322-01";"2022-09-23"
"2022-03-23";"Chocolate Agar";"310";"CHOC230322-01";"2022-05-23"
"2022-03-24";"Simmons Citrate Agar ";"450";"CIT240322-01";"2022-09-24"
"2022-03-24";"Cystine Lactose Electrolyte Deficient Agar";"70";"CLED240322-01";"2022-05-24"
"2022-03-24";"MacConkey Agar";"390";"MAC240322-01";"2022-05-24"
"2022-03-24";"Blood Agar";"320";"BAP240322-01";"2022-05-24"
"2022-03-25";"Blood Culture Bottle (adult)";"230";"BHI A250322-01";"2022-09-25"
"2022-03-25";"Blood Culture Bottle (adult)";"224";"BHI A250322-02";"2022-09-25"
"2022-03-28";"Mannitol Salt Agar";"150";"MSA280322-01";"2022-05-28"
"2022-03-28";"Mueller Hinton II Agar ";"360";"MHII280322-01";"2022-05-28"
"2022-03-29";"Sheep Blood Mueller-Hinton Agar";"130";"SMH290322-01";"2022-05-29"
"2022-03-29";"Chocolate Agar";"330";"CHOC290322-01";"2022-05-29"
"2022-03-30";"Mueller Hinton II Agar ";"360";"MHII300322-01";"2022-05-30"
"2022-03-30";"Blood Agar";"320";"BAP300322-01";"2022-05-30"
"2022-03-30";"Urea Agar";"300";"URE300322-01";"2022-09-30"
"2022-03-31";"Chocolate Agar";"340";"CHOC310322-01";"2022-05-31"
"2022-03-31";"Blood Agar";"320";"BAP310322-01";"2022-05-31"
"2022-04-01";"Blood Culture Bottle (adult)";"227";"BHI A010422-01";"2022-10-01"
"2022-04-01";"Blood Culture Bottle (adult)";"226";"BHI A010422-02";"2022-10-01"
"2022-04-04";"Hektoen Enteric Agar";"80";"HE040422-01";"2022-06-04"
"2022-04-04";"Kligler Iron Agar";"350";"KIA040422-01";"2022-10-04"
"2022-04-04";"Thiosulfate Citrate Bile Salts Sucrose Agar ";"170";"TCBS040422-01";"2022-06-04"
"2022-04-05";"Ashdown's Agar";"150";"ASHA050422-01";"2022-06-05"
"2022-04-05";"Lysine Iron Agar";"350";"LIA050422-01";"2022-10-05"
"2022-04-05";"Chocolate Agar";"320";"CHOC050422-01";"2022-06-05"
"2022-04-06";"Sulfide Indole Motility Medium";"430";"SIM060422-01";"2022-10-06"
"2022-04-06";"Mueller Hinton II Agar ";"360";"MHII060422-01";"2022-06-06"
"2022-04-06";"Chocolate Agar";"250";"CHOC060422-01";"2022-06-06"
"2022-04-07";"Mueller Hinton II Agar ";"340";"MHII070422-01";"2022-06-07"
"2022-04-07";"MacConkey Agar";"400";"MAC070422-01";"2022-06-07"
"2022-04-08";"Blood Culture Bottle (adult)";"232";"BHI A080422-01";"2022-10-08"
"2022-04-08";"Blood Culture Bottle (adult)";"228";"BHI A080422-02";"2022-10-08"
"2022-04-11";"Mannitol Salt Agar";"150";"MSA110422-01";"2022-06-11"
"2022-04-12";"Blood Agar";"310";"BAP120422-01";"2022-06-12"
"2022-04-13";"Blood Culture Bottle (adult)";"219";"BHI A130422-01";"2022-10-13"
"2022-04-18";"Urea Agar";"290";"URE180422-01";"2022-10-18"
"2022-04-18";"Ashdown's Agar";"150";"ASHA180422-01";"2022-06-18"
"2022-04-19";"Chocolate Agar";"320";"CHOC190422-01";"2022-06-19"
"2022-04-19";"MacConkey Agar";"400";"MAC190422-01";"2022-06-19"
"2022-04-20";"Chocolate Agar";"330";"CHOC200422-01";"2022-06-20"
"2022-04-20";"Blood Agar";"310";"BAP200422-01";"2022-06-20"
"2022-04-21";"Chocolate Agar";"270";"CHOC210422-01";"2022-06-21"
"2022-04-22";"Blood Culture Bottle (adult)";"219";"BHI A220422-01";"2022-10-22"
"2022-04-22";"Blood Culture Bottle (adult)";"232";"BHI A220422-02";"2022-10-22"
"2022-04-25";"Ashdown's Agar";"150";"ASHA250422-01";"2022-06-25"
"2022-04-25";"Hektoen Enteric Agar";"80";"HE250422-01";"2022-06-25"
"2022-04-25";"Simmons Citrate Agar ";"450";"CIT250422-01";"2022-10-25"
"2022-04-26";"Mueller Hinton II Agar ";"410";"MHII260422-01";"2022-06-26"
"2022-04-26";"Blood Culture Bottle (child)";"461";"BHI P260422-01";"2022-10-26"
"2022-04-27";"Sheep Blood Mueller-Hinton Agar";"140";"SMH270422-01";"2022-06-27"
"2022-04-27";"Kligler Iron Agar";"350";"KIA270422-01";"2022-10-27"
"2022-04-27";"Mannitol Salt Agar";"160";"MSA270422-01";"2022-06-27"
"2022-04-28";"Blood Agar";"320";"BAP280422-01";"2022-06-28"
"2022-04-28";"Blood Agar";"250";"BAP280422-02";"2022-06-28"
"2022-04-29";"Blood Culture Bottle (adult)";"232";"BHI A290422-01";"2022-10-29"
"2022-04-29";"Blood Culture Bottle (adult)";"223";"BHI A290422-03";"2022-10-29"
"2022-05-02";"MacConkey Agar";"390";"MAC020522-01";"2022-07-02"
"2022-05-02";"GC agar +1% growth supplement";"30";"GCA020522-01";"2022-07-02"
"2022-05-02";"Hektoen Enteric Agar";"80";"HE020522-01";"2022-07-02"
"2022-05-02";"Urea Agar";"230";"URE020522-01";"2022-11-02"
"2022-05-03";"Chocolate Agar";"330";"CHOC030522-01";"2022-07-03"
"2022-05-03";"Mueller Hinton II Agar ";"350";"MHII030522-01";"2022-07-03"
"2022-05-03";"Lysine Iron Agar";"310";"LIA030522-01";"2022-11-03"
"2022-05-04";"Sulfide Indole Motility Medium";"440";"SIM040522-01";"2022-11-04"
"2022-05-04";"Blood Agar";"300";"BAP040522-01";"2022-07-04"
"2022-05-04";"Kligler Iron Agar";"40";"KIA040522-01";"2022-11-04"
"2022-05-05";"Blood Agar";"300";"BAP050522-01";"2022-07-05"
"2022-05-06";"Blood Culture Bottle (adult)";"231";"BHI A060522-01";"2022-11-06"
"2022-05-09";"Kligler Iron Agar";"340";"KIA090522-02";"2022-11-09"
"2022-05-09";"Ashdown's Agar";"140";"ASHA090522-01";"2022-07-09"
"2022-05-09";"MacConkey Agar";"400";"MAC090522-01";"2022-07-09"
"2022-05-10";"Blood Culture Bottle (adult)";"229";"BHI A100522-01";"2022-11-10"
"2022-05-10";"Mueller Hinton II Agar ";"340";"MHII100522-01";"2022-07-10"
"2022-05-10";"Mannitol Salt Agar";"160";"MSA100522-01";"2022-07-10"
"2022-05-11";"Chocolate Agar";"340";"CHOC110522-01";"2022-07-11"
"2022-05-11";"Blood Agar";"330";"BAP110522-01";"2022-07-11"
"2022-05-11";"Blood Agar";"320";"BAP110522-02";"2022-07-11"
"2022-05-12";"Chocolate Agar";"320";"CHOC120522-01";"2022-07-12"
"2022-05-12";"Mueller Hinton II Agar ";"350";"MHII120522-01";"2022-07-12"
"2022-05-13";"Blood Culture Bottle (adult)";"228";"BHI A130522-01";"2022-11-13"
"2022-05-13";"Blood Culture Bottle (adult)";"227";"BHI A130522-02";"2022-11-13"
"2022-05-16";"Urea Agar";"290";"URE160522-01";"2022-11-16"
"2022-05-16";"MacConkey Agar";"400";"MAC160522-01";"2022-07-16"
"2022-05-16";"Thiosulfate Citrate Bile Salts Sucrose Agar ";"60";"TCBS160522-01";"2022-07-16"
"2022-05-16";"Ashdown's Broth";"100";"ASHB160522-01";"2022-11-16"
"2022-05-17";"Sheep Blood Mueller-Hinton Agar";"110";"SMH170522-01";"2022-07-17"
"2022-05-17";"Blood Agar";"310";"BAP170522-01";"2022-07-17"
"2022-05-17";"Chocolate Agar";"340";"CHOC170522-01";"2022-07-17"
"2022-05-18";"Blood Culture Bottle (adult)";"229";"BHI A180522-01";"2022-11-18"
"2022-05-18";"Blood Culture Bottle (adult)";"229";"BHI A180522-02";"2022-11-18"
"2022-05-20";"Blood Culture Bottle (child)";"460";"BHI P200522-01";"2022-11-20"
"2022-05-23";"MacConkey Agar";"400";"MAC230522-01";"2022-07-23"
"2022-05-23";"Trypticase Soy Broth + 20% glycerol";"462";"TSBG230522-01";"2022-11-23"
"2022-05-23";"Lysine Iron Agar";"380";"LIA230522-01";"2022-11-23"
"2022-05-24";"Chocolate Agar";"340";"CHOC240522-01";"2022-07-24"
"2022-05-24";"Blood Agar";"320";"BAP240522-01";"2022-07-24"
"2022-05-24";"Mueller Hinton II Agar ";"350";"MHII240522-01";"2022-07-24"
"2022-05-24";"Cystine Lactose Electrolyte Deficient Agar";"70";"CLED240522-01";"2022-07-24"
"2022-05-25";"Modified Thayer-Martin Agar ";"70";"MTM250522-01";"2022-07-25"
"2022-05-25";"Blood Agar";"310";"BAP250522-01";"2022-07-25"
"2022-05-25";"Blood Culture Bottle (adult)";"229";"BHI A250522-01";"2022-11-25"
"2022-05-25";"MacConkey Agar";"390";"MAC250522-01";"2022-07-25"
"2022-05-26";"Mueller Hinton II Agar ";"380";"MHII260522-01";"2022-07-26"
"2022-05-26";"Chocolate Agar";"340";"CHOC260522-01";"2022-07-26"
"2022-05-26";"Blood Agar";"220";"BAP260522-01";"2022-07-26"
"2022-05-26";"GC agar +1% growth supplement";"70";"GCA260522-01";"2022-07-26"
"2022-05-27";"Blood Culture Bottle (adult)";"230";"BHI A270522-01";"2022-11-27"
"2022-05-27";"Blood Culture Bottle (adult)";"232";"BHI A270522-02";"2022-11-27"
"2022-05-30";"MacConkey Agar";"400";"MAC300522-01";"2022-07-30"
"2022-05-30";"Hektoen Enteric Agar";"130";"HE300522-01";"2022-07-30"
"2022-05-30";"Mannitol Salt Agar";"190";"MSA300522-01";"2022-07-30"
"2022-05-31";"Mueller Hinton II Agar ";"350";"MHII310522-01";"2022-07-31"
"2022-05-31";"Ashdown's Agar";"150";"ASHA310522-01";"2022-07-31"
"2022-05-31";"Blood Culture Bottle (child)";"467";"BHI P310522-01";"2022-12-01"
"2022-05-31";"Thiosulfate Citrate Bile Salts Sucrose Agar ";"130";"TCBS310522-01";"2022-07-31"
"2022-06-01";"Simmons Citrate Agar ";"460";"CIT010622-01";"2022-12-01"
"2022-06-01";"Mueller Hinton II Agar ";"350";"MHII010622-01";"2022-08-01"
"2022-06-01";"Blood Agar";"320";"BAP010622-01";"2022-08-01"
"2022-06-01";"Chocolate Agar";"320";"CHOC010622-01";"2022-08-01"
"2022-06-02";"MacConkey Agar";"400";"MAC020622-01";"2022-08-02"
"2022-06-02";"Sheep Blood Mueller-Hinton Agar";"120";"SMH020622-01";"2022-08-02"
"2022-06-02";"Kligler Iron Agar";"350";"KIA020622-01";"2022-12-02"
"2022-06-03";"Blood Culture Bottle (adult)";"221";"BHI A030622-01";"2022-12-03"
"2022-06-03";"Blood Culture Bottle (adult)";"230";"BHI A030622-02";"2022-12-03"
"2022-06-07";"Blood Agar";"310";"BAP070622-01";"2022-08-07"
"2022-06-07";"Mannitol Salt Agar";"210";"MSA070622-01";"2022-08-07"
"2022-06-07";"Sulfide Indole Motility Medium";"430";"SIM070622-01";"2022-12-07"
"2022-06-08";"Mueller Hinton II Agar ";"360";"MHII080622-01";"2022-08-08"
"2022-06-08";"Chocolate Agar";"340";"CHOC080622-01";"2022-08-08"
"2022-06-08";"Blood Agar";"310";"BAP080622-01";"2022-08-08"
"2022-06-09";"Blood Culture Bottle (adult)";"228";"BHI A090622-01";"2022-12-09"
"2022-06-13";"GC agar +1% growth supplement";"60";"GCA130622-01";"2022-08-13"
"2022-06-13";"Ashdown's Agar";"150";"ASHA130622-01";"2022-08-13"
"2022-06-14";"Urea Agar";"280";"URE140622-01";"2022-12-14"
"2022-06-14";"Blood Agar";"320";"BAP140622-01";"2022-08-14"
"2022-06-14";"Blood Culture Bottle (adult)";"228";"BHI A140622-01";"2022-12-14"
"2022-06-15";"Blood Culture Bottle (child)";"456";"BHI P150622-01";"2022-12-15"
"2022-06-15";"MacConkey Agar";"410";"MAC150622-01";"2022-08-15"
"2022-06-15";"Mannitol Salt Agar";"210";"MSA150622-01";"2022-08-15"
"2022-06-16";"Mueller Hinton II Agar ";"350";"MHII160622-01";"2022-08-16"
"2022-06-16";"Lysine Iron Agar";"350";"LIA160622-01";"2022-12-16"
"2022-06-16";"Chocolate Agar";"340";"CHOC160622-01";"2022-08-16"
"2022-06-17";"Blood Culture Bottle (adult)";"226";"BHI A170622-01";"2022-12-17"
"2022-06-17";"Blood Culture Bottle (adult)";"229";"BHI A170622-02";"2022-12-17"
"2022-06-20";"Blood Agar";"320";"BAP200622-01";"2022-08-20"
"2022-06-20";"Sheep Blood Mueller-Hinton Agar";"130";"SMH200622-01";"2022-08-20"
"2022-06-20";"Hektoen Enteric Agar";"80";"HE200622-01";"2022-08-20"
"2022-06-21";"Blood Culture Bottle (adult)";"226";"BHI A210622-01";"2022-12-21"
"2022-06-21";"Mueller Hinton II Agar ";"350";"MHII210622-01";"2022-08-21"
"2022-06-21";"Blood Agar";"320";"BAP210622-01";"2022-08-21"
"2022-06-22";"Chocolate Agar";"340";"CHOC220622-01";"2022-08-22"
"2022-06-22";"MacConkey Agar";"400";"MAC220622-01";"2022-08-22"
"2022-06-23";"Chocolate Agar";"340";"CHOC230622-01";"2022-08-23"
"2022-06-23";"Simmons Citrate Agar ";"450";"CIT230622-01";"2022-12-23"
"2022-06-23";"Mueller Hinton II Agar ";"360";"MHII230622-01";"2022-08-23"
"2022-06-24";"Blood Culture Bottle (adult)";"228";"BHI A240622-01";"2022-12-24"
"2022-06-24";"Blood Culture Bottle (adult)";"226";"BHI A240622-02";"2022-12-24"
"2022-06-27";"Thiosulfate Citrate Bile Salts Sucrose Agar ";"110";"TCBS270622-01";"2022-08-27"
"2022-06-27";"Hektoen Enteric Agar";"220";"HE270622-01";"2022-08-27"
"2022-06-27";"GC agar +1% growth supplement";"110";"GCA270622-01";"2022-08-27"
"2022-06-27";"Blood Agar";"310";"BAP270622-01";"2022-08-27"
"2022-06-28";"Blood Agar";"310";"BAP280622-01";"2022-08-28"
"2022-06-28";"Kligler Iron Agar";"350";"KIA280622-01";"2022-12-28"
"2022-06-28";"Ashdown's Agar";"150";"ASHA280622-01";"2022-08-28"
"2022-06-28";"Chocolate Agar";"330";"CHOC280622-01";"2022-08-28"
"2022-06-29";"Blood Culture Bottle (adult)";"227";"BHI A290622-01";"2022-12-29"
"2022-06-29";"Mueller Hinton II Agar ";"340";"MHII290622-01";"2022-08-29"
"2022-06-29";"Blood Agar";"320";"BAP290622-01";"2022-08-29"
"2022-06-29";"Sulfide Indole Motility Medium";"460";"SIM290622-01";"2022-12-29"
"2022-06-30";"Trypticase Soy Broth + 20% glycerol";"180";"TSBG300622-01";"2022-12-30"
"2022-06-30";"Trypticase Soy Agar ";"160";"TSA300622-01";"2022-12-30"
"2022-06-30";"Urea Agar";"290";"URE300622-01";"2022-12-30"
"2022-06-30";"Mannitol Salt Agar";"210";"MSA300622-01";"2022-08-30"
"2022-06-30";"MacConkey Agar";"400";"MAC300622-01";"2022-08-30"
"2022-07-01";"Blood Culture Bottle (adult)";"231";"BHI A010722-01";"2023-01-01"
"2022-07-01";"Blood Culture Bottle (adult)";"229";"BHI A010722-02";"2023-01-01"
"2022-07-01";"Trypticase Soy Broth ";"180";"TSB010722-01";"2023-01-01"
"2022-07-04";"Blood Agar";"330";"BAP040722-01";"2022-09-04"
"2022-07-04";"Kligler Iron Agar";"340";"KIA040722-01";"2023-01-04"
"2022-07-04";"Chocolate Agar";"340";"CHOC040722-01";"2022-09-04"
"2022-07-05";"Blood Culture Bottle (adult)";"231";"BHI A050722-01";"2023-01-05"
"2022-07-05";"MacConkey Agar";"400";"MAC050722-01";"2022-09-05"
"2022-07-05";"Lysine Iron Agar";"350";"LIA050722-01";"2023-01-05"
"2022-07-06";"Chocolate Agar";"340";"CHOC060722-01";"2022-09-06"
"2022-07-06";"Blood Agar";"320";"BAP060722-01";"2022-09-06"
"2022-07-06";"Mueller Hinton II Agar ";"350";"MHII060722-01";"2022-09-06"
"2022-07-06";"Simmons Citrate Agar ";"460";"CIT060722-01";"2023-01-06"
"2022-07-07";"Blood Agar";"320";"BAP070722-01";"2022-09-07"
"2022-07-07";"Mueller Hinton II Agar ";"360";"MHII070722-01";"2022-09-07"
"2022-07-07";"Chocolate Agar";"320";"CHOC070722-01";"2022-09-07"
"2022-07-08";"Blood Culture Bottle (adult)";"225";"BHI A080722-01";"2023-01-08"
"2022-07-08";"Blood Culture Bottle (adult)";"232";"BHI A080722-02";"2023-01-08"
"2022-07-11";"Urea Agar";"280";"URE110722-01";"2023-01-11"
"2022-07-11";"Trypticase Soy Broth + 20% glycerol";"450";"TSBG110722-01";"2023-01-11"
"2022-07-11";"Blood Agar";"210";"BAP110722-01";"2022-09-11"
"2022-07-12";"MacConkey Agar";"400";"MAC120722-01";"2022-09-12"
"2022-07-12";"Blood Agar";"310";"BAP120722-01";"2022-09-12"
"2022-07-12";"Blood Culture Bottle (child)";"445";"BHI P120722-01";"2023-01-12"
"2022-07-13";"Chocolate Agar";"330";"CHOC130722-01";"2022-09-13"
"2022-07-13";"Mueller Hinton II Agar ";"350";"MHII130722-01";"2022-09-13"
"2022-07-13";"MacConkey Agar";"400";"MAC130722-01";"2022-09-13"
"2022-07-13";"Kligler Iron Agar";"340";"KIA130722-01";"2023-01-13"
"2022-07-14";"Chocolate Agar";"300";"CHOC140722-01";"2022-09-14"
"2022-07-14";"Mannitol Salt Agar";"200";"MSA140722-01";"2022-09-14"
"2022-07-14";"Mueller Hinton II Agar ";"360";"MHII140722-01";"2022-09-14"
"2022-07-15";"Blood Culture Bottle (adult)";"230";"BHI A150722-01";"2023-01-15"
"2022-07-15";"Blood Culture Bottle (adult)";"230";"BHI A150722-02";"2023-01-15"
"2022-07-18";"Blood Agar";"230";"BAP180722-01";"2022-09-18"
"2022-07-18";"Urea Agar";"310";"URE180722-01";"2023-01-18"
"2022-07-18";"Ashdown's Agar";"140";"ASHA180722-01";"2022-09-18"
"2022-07-19";"Lysine Iron Agar";"350";"LIA190722-01";"2023-01-19"
"2022-07-19";"Blood Agar";"200";"BAP190722-01";"2022-09-19"
"2022-07-19";"Blood Agar";"320";"BAP190722-02";"2022-09-19"
